# Data Source: NASA GEOS5 Near-Real-Time
# Model Time = 2010-01-01 00:00:00
# Location = [  41.1310, -112.8960 ]
# Fields = [ Z(km), T(K), U(m/s), V(m/s), R(g/cm3), P(mbar) ]
# Ground Height = 1.421
# The following lines are formatted input for ncpaprop
#% 0, Z0, km, 1.421
#% 1, Z, km
#% 2, T, degK
#% 3, U, m/s
#% 4, V, m/s
#% 5, RHO, g/cm3
#% 6, P, mbar
  0.000      2.80071e+02      -1.44624e+00       6.35891e+00       1.28316e-03       1.03141e+03
  0.100      2.79424e+02      -1.46288e+00       6.30821e+00       1.27042e-03       1.01881e+03
  0.200      2.78784e+02      -1.45394e+00       6.26078e+00       1.25780e-03       1.00638e+03
  0.300      2.78148e+02      -1.43628e+00       6.21447e+00       1.24530e-03       9.94105e+02
  0.400      2.77509e+02      -1.42673e+00       6.16713e+00       1.23294e-03       9.81977e+02
  0.500      2.76862e+02      -1.44181e+00       6.11696e+00       1.22073e-03       9.69982e+02
  0.600      2.76212e+02      -1.48592e+00       6.07545e+00       1.20862e-03       9.58107e+02
  0.700      2.75574e+02      -1.54856e+00       6.07019e+00       1.19655e-03       9.46345e+02
  0.800      2.74946e+02      -1.61850e+00       6.11239e+00       1.18451e-03       9.34694e+02
  0.900      2.74302e+02      -1.68494e+00       6.18481e+00       1.17264e-03       9.23161e+02
  1.000      2.73636e+02      -1.74353e+00       6.27963e+00       1.16097e-03       9.11750e+02
  1.100      2.73001e+02      -1.80598e+00       6.41925e+00       1.14926e-03       9.00458e+02
  1.200      2.72447e+02      -1.87713e+00       6.62333e+00       1.13730e-03       8.89280e+02
  1.300      2.71949e+02      -1.91960e+00       6.87830e+00       1.12521e-03       8.78216e+02
  1.400      2.71463e+02      -1.88411e+00       7.16116e+00       1.11317e-03       8.67265e+02
  1.500      2.70944e+02      -1.72136e+00       7.44894e+00       1.10136e-03       8.56429e+02
  1.600      2.70348e+02      -1.38299e+00       7.71857e+00       1.08997e-03       8.45707e+02
  1.700      2.69674e+02      -8.57643e-01       7.94379e+00       1.07899e-03       8.35099e+02
  1.800      2.68969e+02      -1.81720e-01       8.09418e+00       1.06822e-03       8.24602e+02
  1.900      2.68286e+02       6.05189e-01       8.13908e+00       1.05745e-03       8.14215e+02
  2.000      2.67676e+02       1.46350e+00       8.04779e+00       1.04648e-03       8.03936e+02
  2.100      2.67189e+02       2.35529e+00       7.79125e+00       1.03512e-03       7.93763e+02
  2.200      2.66827e+02       3.26632e+00       7.36291e+00       1.02338e-03       7.83698e+02
  2.300      2.66559e+02       4.19988e+00       6.77298e+00       1.01140e-03       7.73744e+02
  2.400      2.66351e+02       5.15969e+00       6.03206e+00       9.99312e-04       7.63902e+02
  2.500      2.66172e+02       6.14945e+00       5.15073e+00       9.87254e-04       7.54177e+02
  2.600      2.65989e+02       7.17248e+00       4.14063e+00       9.75347e-04       7.44570e+02
  2.700      2.65796e+02       8.22501e+00       3.03110e+00       9.63620e-04       7.35081e+02
  2.800      2.65602e+02       9.29736e+00       1.86641e+00       9.52028e-04       7.25710e+02
  2.900      2.65421e+02       1.03797e+01       6.91260e-01       9.40528e-04       7.16455e+02
  3.000      2.65264e+02       1.14621e+01      -4.49635e-01       9.29077e-04       7.07315e+02
  3.100      2.65144e+02       1.25347e+01      -1.51163e+00       9.17635e-04       6.98287e+02
  3.200      2.65063e+02       1.35856e+01      -2.46635e+00       9.06196e-04       6.89371e+02
  3.300      2.65003e+02       1.45984e+01      -3.32262e+00       8.94823e-04       6.80566e+02
  3.400      2.64943e+02       1.55558e+01      -4.09447e+00       8.83588e-04       6.71869e+02
  3.500      2.64862e+02       1.64408e+01      -4.79594e+00       8.72560e-04       6.63279e+02
  3.600      2.64738e+02       1.72362e+01      -5.44103e+00       8.61804e-04       6.54796e+02
  3.700      2.64550e+02       1.79251e+01      -6.04365e+00       8.51378e-04       6.46417e+02
  3.800      2.64292e+02       1.85005e+01      -6.61246e+00       8.41298e-04       6.38140e+02
  3.900      2.63971e+02       1.89671e+01      -7.14997e+00       8.31527e-04       6.29963e+02
  4.000      2.63597e+02       1.93303e+01      -7.65827e+00       8.22026e-04       6.21882e+02
  4.100      2.63178e+02       1.95956e+01      -8.13948e+00       8.12760e-04       6.13895e+02
  4.200      2.62724e+02       1.97684e+01      -8.59569e+00       8.03691e-04       6.05998e+02
  4.300      2.62244e+02       1.98541e+01      -9.02901e+00       7.94788e-04       5.98190e+02
  4.400      2.61745e+02       1.98614e+01      -9.43910e+00       7.86025e-04       5.90469e+02
  4.500      2.61229e+02       1.98053e+01      -9.82069e+00       7.77392e-04       5.82831e+02
  4.600      2.60696e+02       1.97016e+01      -1.01679e+01       7.68885e-04       5.75277e+02
  4.700      2.60148e+02       1.95661e+01      -1.04748e+01       7.60496e-04       5.67805e+02
  4.800      2.59586e+02       1.94148e+01      -1.07356e+01       7.52219e-04       5.60412e+02
  4.900      2.59012e+02       1.92634e+01      -1.09444e+01       7.44049e-04       5.53099e+02
  5.000      2.58426e+02       1.91278e+01      -1.10958e+01       7.35980e-04       5.45864e+02
  5.100      2.57831e+02       1.90229e+01      -1.11912e+01       7.28005e-04       5.38705e+02
  5.200      2.57228e+02       1.89630e+01      -1.12381e+01       7.20118e-04       5.31624e+02
  5.300      2.56621e+02       1.89625e+01      -1.12439e+01       7.12313e-04       5.24619e+02
  5.400      2.56010e+02       1.90357e+01      -1.12163e+01       7.04582e-04       5.17691e+02
  5.500      2.55400e+02       1.91968e+01      -1.11627e+01       6.96919e-04       5.10840e+02
  5.600      2.54791e+02       1.94603e+01      -1.10907e+01       6.89319e-04       5.04064e+02
  5.700      2.54186e+02       1.98398e+01      -1.10079e+01       6.81776e-04       4.97364e+02
  5.800      2.53584e+02       2.03311e+01      -1.09239e+01       6.74290e-04       4.90739e+02
  5.900      2.52982e+02       2.09053e+01      -1.08514e+01       6.66872e-04       4.84188e+02
  6.000      2.52376e+02       2.15321e+01      -1.08031e+01       6.59529e-04       4.77709e+02
  6.100      2.51761e+02       2.21814e+01      -1.07918e+01       6.52272e-04       4.71301e+02
  6.200      2.51133e+02       2.28228e+01      -1.08302e+01       6.45109e-04       4.64963e+02
  6.300      2.50488e+02       2.34260e+01      -1.09311e+01       6.38048e-04       4.58693e+02
  6.400      2.49821e+02       2.39606e+01      -1.11073e+01       6.31098e-04       4.52490e+02
  6.500      2.49130e+02       2.43980e+01      -1.13704e+01       6.24267e-04       4.46353e+02
  6.600      2.48414e+02       2.47325e+01      -1.17160e+01       6.17549e-04       4.40281e+02
  6.700      2.47678e+02       2.49766e+01      -1.21272e+01       6.10934e-04       4.34273e+02
  6.800      2.46926e+02       2.51432e+01      -1.25866e+01       6.04408e-04       4.28330e+02
  6.900      2.46162e+02       2.52452e+01      -1.30770e+01       5.97961e-04       4.22451e+02
  7.000      2.45391e+02       2.52956e+01      -1.35810e+01       5.91581e-04       4.16634e+02
  7.100      2.44618e+02       2.53073e+01      -1.40814e+01       5.85257e-04       4.10881e+02
  7.200      2.43845e+02       2.52931e+01      -1.45609e+01       5.78978e-04       4.05189e+02
  7.300      2.43078e+02       2.52661e+01      -1.50021e+01       5.72735e-04       3.99560e+02
  7.400      2.42320e+02       2.52371e+01      -1.53917e+01       5.66519e-04       3.93991e+02
  7.500      2.41569e+02       2.52100e+01      -1.57291e+01       5.60336e-04       3.88483e+02
  7.600      2.40823e+02       2.51877e+01      -1.60161e+01       5.54190e-04       3.83036e+02
  7.700      2.40080e+02       2.51728e+01      -1.62544e+01       5.48087e-04       3.77648e+02
  7.800      2.39336e+02       2.51682e+01      -1.64459e+01       5.42032e-04       3.72319e+02
  7.900      2.38591e+02       2.51765e+01      -1.65924e+01       5.36029e-04       3.67049e+02
  8.000      2.37842e+02       2.52005e+01      -1.66957e+01       5.30083e-04       3.61838e+02
  8.100      2.37085e+02       2.52428e+01      -1.67575e+01       5.24200e-04       3.56684e+02
  8.200      2.36320e+02       2.53064e+01      -1.67798e+01       5.18383e-04       3.51588e+02
  8.300      2.35544e+02       2.53934e+01      -1.67646e+01       5.12637e-04       3.46548e+02
  8.400      2.34757e+02       2.55027e+01      -1.67182e+01       5.06959e-04       3.41565e+02
  8.500      2.33961e+02       2.56305e+01      -1.66493e+01       5.01346e-04       3.36637e+02
  8.600      2.33157e+02       2.57732e+01      -1.65667e+01       4.95793e-04       3.31765e+02
  8.700      2.32348e+02       2.59271e+01      -1.64790e+01       4.90294e-04       3.26947e+02
  8.800      2.31535e+02       2.60886e+01      -1.63951e+01       4.84847e-04       3.22183e+02
  8.900      2.30719e+02       2.62541e+01      -1.63236e+01       4.79447e-04       3.17473e+02
  9.000      2.29904e+02       2.64197e+01      -1.62734e+01       4.74089e-04       3.12815e+02
  9.100      2.29089e+02       2.65820e+01      -1.62530e+01       4.68771e-04       3.08210e+02
  9.200      2.28278e+02       2.67372e+01      -1.62714e+01       4.63487e-04       3.03657e+02
  9.300      2.27471e+02       2.68816e+01      -1.63372e+01       4.58236e-04       2.99155e+02
  9.400      2.26669e+02       2.70140e+01      -1.64533e+01       4.53014e-04       2.94704e+02
  9.500      2.25872e+02       2.71380e+01      -1.66097e+01       4.47825e-04       2.90303e+02
  9.600      2.25077e+02       2.72584e+01      -1.67942e+01       4.42671e-04       2.85953e+02
  9.700      2.24283e+02       2.73797e+01      -1.69949e+01       4.37557e-04       2.81652e+02
  9.800      2.23487e+02       2.75065e+01      -1.71997e+01       4.32485e-04       2.77400e+02
  9.900      2.22689e+02       2.76433e+01      -1.73965e+01       4.27459e-04       2.73197e+02
 10.000      2.21887e+02       2.77948e+01      -1.75733e+01       4.22481e-04       2.69042e+02
 10.100      2.21079e+02       2.79656e+01      -1.77182e+01       4.17554e-04       2.64936e+02
 10.200      2.20262e+02       2.81601e+01      -1.78190e+01       4.12680e-04       2.60877e+02
 10.300      2.19437e+02       2.83831e+01      -1.78637e+01       4.07863e-04       2.56865e+02
 10.400      2.18600e+02       2.86390e+01      -1.78403e+01       4.03104e-04       2.52900e+02
 10.500      2.17750e+02       2.89325e+01      -1.77368e+01       3.98407e-04       2.48982e+02
 10.600      2.16889e+02       2.92648e+01      -1.75494e+01       3.93769e-04       2.45110e+02
 10.700      2.16021e+02       2.96314e+01      -1.72896e+01       3.89179e-04       2.41284e+02
 10.800      2.15153e+02       3.00267e+01      -1.69705e+01       3.84627e-04       2.37503e+02
 10.900      2.14292e+02       3.04455e+01      -1.66053e+01       3.80102e-04       2.33769e+02
 11.000      2.13442e+02       3.08824e+01      -1.62072e+01       3.75593e-04       2.30081e+02
 11.100      2.12611e+02       3.13319e+01      -1.57895e+01       3.71091e-04       2.26438e+02
 11.200      2.11805e+02       3.17888e+01      -1.53651e+01       3.66586e-04       2.22840e+02
 11.300      2.11030e+02       3.22476e+01      -1.49475e+01       3.62068e-04       2.19288e+02
 11.400      2.10291e+02       3.27030e+01      -1.45496e+01       3.57528e-04       2.15781e+02
 11.500      2.09596e+02       3.31496e+01      -1.41848e+01       3.52958e-04       2.12319e+02
 11.600      2.08950e+02       3.35820e+01      -1.38661e+01       3.48350e-04       2.08901e+02
 11.700      2.08360e+02       3.39949e+01      -1.36068e+01       3.43696e-04       2.05528e+02
 11.800      2.07832e+02       3.43829e+01      -1.34201e+01       3.38989e-04       2.02200e+02
 11.900      2.07372e+02       3.47406e+01      -1.33189e+01       3.34222e-04       1.98915e+02
 12.000      2.06982e+02       3.50644e+01      -1.33080e+01       3.29397e-04       1.95674e+02
 12.100      2.06659e+02       3.53536e+01      -1.33791e+01       3.24523e-04       1.92479e+02
 12.200      2.06399e+02       3.56074e+01      -1.35227e+01       3.19614e-04       1.89328e+02
 12.300      2.06198e+02       3.58253e+01      -1.37295e+01       3.14679e-04       1.86223e+02
 12.400      2.06052e+02       3.60066e+01      -1.39899e+01       3.09731e-04       1.83165e+02
 12.500      2.05957e+02       3.61506e+01      -1.42946e+01       3.04778e-04       1.80153e+02
 12.600      2.05909e+02       3.62569e+01      -1.46342e+01       2.99832e-04       1.77188e+02
 12.700      2.05904e+02       3.63247e+01      -1.49992e+01       2.94902e-04       1.74271e+02
 12.800      2.05939e+02       3.63534e+01      -1.53803e+01       2.89997e-04       1.71401e+02
 12.900      2.06009e+02       3.63425e+01      -1.57678e+01       2.85125e-04       1.68578e+02
 13.000      2.06110e+02       3.62912e+01      -1.61526e+01       2.80294e-04       1.65804e+02
 13.100      2.06239e+02       3.61989e+01      -1.65251e+01       2.75512e-04       1.63077e+02
 13.200      2.06391e+02       3.60651e+01      -1.68759e+01       2.70787e-04       1.60398e+02
 13.300      2.06562e+02       3.58891e+01      -1.71955e+01       2.66123e-04       1.57767e+02
 13.400      2.06749e+02       3.56703e+01      -1.74747e+01       2.61529e-04       1.55184e+02
 13.500      2.06948e+02       3.54081e+01      -1.77038e+01       2.57008e-04       1.52648e+02
 13.600      2.07155e+02       3.51017e+01      -1.78736e+01       2.52567e-04       1.50160e+02
 13.700      2.07365e+02       3.47512e+01      -1.79764e+01       2.48209e-04       1.47719e+02
 13.800      2.07579e+02       3.43592e+01      -1.80137e+01       2.43934e-04       1.45324e+02
 13.900      2.07794e+02       3.39289e+01      -1.79897e+01       2.39741e-04       1.42974e+02
 14.000      2.08010e+02       3.34637e+01      -1.79085e+01       2.35628e-04       1.40667e+02
 14.100      2.08227e+02       3.29670e+01      -1.77744e+01       2.31594e-04       1.38403e+02
 14.200      2.08443e+02       3.24421e+01      -1.75915e+01       2.27638e-04       1.36180e+02
 14.300      2.08658e+02       3.18925e+01      -1.73641e+01       2.23758e-04       1.33997e+02
 14.400      2.08871e+02       3.13214e+01      -1.70963e+01       2.19953e-04       1.31853e+02
 14.500      2.09080e+02       3.07322e+01      -1.67923e+01       2.16222e-04       1.29746e+02
 14.600      2.09286e+02       3.01283e+01      -1.64563e+01       2.12563e-04       1.27677e+02
 14.700      2.09488e+02       2.95130e+01      -1.60924e+01       2.08976e-04       1.25643e+02
 14.800      2.09684e+02       2.88897e+01      -1.57050e+01       2.05459e-04       1.23643e+02
 14.900      2.09874e+02       2.82617e+01      -1.52981e+01       2.02010e-04       1.21678e+02
 15.000      2.10057e+02       2.76325e+01      -1.48760e+01       1.98628e-04       1.19746e+02
 15.100      2.10232e+02       2.70053e+01      -1.44428e+01       1.95313e-04       1.17845e+02
 15.200      2.10398e+02       2.63835e+01      -1.40027e+01       1.92064e-04       1.15976e+02
 15.300      2.10556e+02       2.57705e+01      -1.35600e+01       1.88877e-04       1.14138e+02
 15.400      2.10703e+02       2.51697e+01      -1.31188e+01       1.85754e-04       1.12329e+02
 15.500      2.10839e+02       2.45843e+01      -1.26832e+01       1.82692e-04       1.10548e+02
 15.600      2.10963e+02       2.40178e+01      -1.22576e+01       1.79691e-04       1.08796e+02
 15.700      2.11074e+02       2.34735e+01      -1.18460e+01       1.76749e-04       1.07072e+02
 15.800      2.11172e+02       2.29548e+01      -1.14526e+01       1.73866e-04       1.05374e+02
 15.900      2.11256e+02       2.24650e+01      -1.10818e+01       1.71039e-04       1.03702e+02
 16.000      2.11325e+02       2.20075e+01      -1.07375e+01       1.68269e-04       1.02056e+02
 16.100      2.11378e+02       2.15856e+01      -1.04241e+01       1.65554e-04       1.00434e+02
 16.200      2.11415e+02       2.12023e+01      -1.01453e+01       1.62892e-04       9.88365e+01
 16.300      2.11435e+02       2.08571e+01      -9.90087e+00       1.60284e-04       9.72631e+01
 16.400      2.11441e+02       2.05473e+01      -9.68858e+00       1.57725e-04       9.57131e+01
 16.500      2.11433e+02       2.02705e+01      -9.50609e+00       1.55215e-04       9.41865e+01
 16.600      2.11412e+02       2.00240e+01      -9.35105e+00       1.52752e-04       9.26830e+01
 16.700      2.11381e+02       1.98052e+01      -9.22114e+00       1.50334e-04       9.12022e+01
 16.800      2.11339e+02       1.96118e+01      -9.11404e+00       1.47960e-04       8.97440e+01
 16.900      2.11288e+02       1.94409e+01      -9.02741e+00       1.45627e-04       8.83081e+01
 17.000      2.11230e+02       1.92902e+01      -8.95892e+00       1.43335e-04       8.68941e+01
 17.100      2.11165e+02       1.91570e+01      -8.90625e+00       1.41082e-04       8.55019e+01
 17.200      2.11095e+02       1.90389e+01      -8.86706e+00       1.38866e-04       8.41311e+01
 17.300      2.11020e+02       1.89331e+01      -8.83903e+00       1.36687e-04       8.27816e+01
 17.400      2.10943e+02       1.88372e+01      -8.81983e+00       1.34543e-04       8.14530e+01
 17.500      2.10864e+02       1.87485e+01      -8.80713e+00       1.32432e-04       8.01451e+01
 17.600      2.10784e+02       1.86646e+01      -8.79860e+00       1.30354e-04       7.88577e+01
 17.700      2.10705e+02       1.85829e+01      -8.79191e+00       1.28307e-04       7.75904e+01
 17.800      2.10628e+02       1.85008e+01      -8.78474e+00       1.26291e-04       7.63431e+01
 17.900      2.10554e+02       1.84157e+01      -8.77475e+00       1.24304e-04       7.51154e+01
 18.000      2.10484e+02       1.83252e+01      -8.75961e+00       1.22345e-04       7.39071e+01
 18.100      2.10419e+02       1.82265e+01      -8.73701e+00       1.20414e-04       7.27180e+01
 18.200      2.10360e+02       1.81172e+01      -8.70460e+00       1.18509e-04       7.15478e+01
 18.300      2.10310e+02       1.79947e+01      -8.66006e+00       1.16629e-04       7.03963e+01
 18.400      2.10268e+02       1.78567e+01      -8.60123e+00       1.14775e-04       6.92632e+01
 18.500      2.10235e+02       1.77031e+01      -8.52808e+00       1.12945e-04       6.81482e+01
 18.600      2.10211e+02       1.75358e+01      -8.44199e+00       1.11140e-04       6.70513e+01
 18.700      2.10195e+02       1.73565e+01      -8.34439e+00       1.09360e-04       6.59721e+01
 18.800      2.10186e+02       1.71668e+01      -8.23667e+00       1.07604e-04       6.49105e+01
 18.900      2.10184e+02       1.69686e+01      -8.12027e+00       1.05874e-04       6.38663e+01
 19.000      2.10189e+02       1.67637e+01      -7.99658e+00       1.04169e-04       6.28393e+01
 19.100      2.10199e+02       1.65536e+01      -7.86703e+00       1.02490e-04       6.18292e+01
 19.200      2.10215e+02       1.63402e+01      -7.73302e+00       1.00836e-04       6.08358e+01
 19.300      2.10236e+02       1.61253e+01      -7.59598e+00       9.92066e-05       5.98591e+01
 19.400      2.10262e+02       1.59105e+01      -7.45731e+00       9.76030e-05       5.88986e+01
 19.500      2.10291e+02       1.56976e+01      -7.31842e+00       9.60247e-05       5.79543e+01
 19.600      2.10324e+02       1.54884e+01      -7.18074e+00       9.44716e-05       5.70258e+01
 19.700      2.10360e+02       1.52846e+01      -7.04568e+00       9.29438e-05       5.61131e+01
 19.800      2.10398e+02       1.50879e+01      -6.91464e+00       9.14412e-05       5.52160e+01
 19.900      2.10438e+02       1.49001e+01      -6.78905e+00       8.99635e-05       5.43341e+01
 20.000      2.10479e+02       1.47229e+01      -6.67031e+00       8.85109e-05       5.34673e+01
 20.100      2.10522e+02       1.45581e+01      -6.55984e+00       8.70830e-05       5.26154e+01
 20.200      2.10565e+02       1.44074e+01      -6.45906e+00       8.56799e-05       5.17781e+01
 20.300      2.10607e+02       1.42725e+01      -6.36938e+00       8.43013e-05       5.09554e+01
 20.400      2.10650e+02       1.41552e+01      -6.29220e+00       8.29472e-05       5.01469e+01
 20.500      2.10691e+02       1.40570e+01      -6.22878e+00       8.16173e-05       4.93526e+01
 20.600      2.10731e+02       1.39777e+01      -6.17910e+00       8.03110e-05       4.85719e+01
 20.700      2.10770e+02       1.39163e+01      -6.14265e+00       7.90280e-05       4.78047e+01
 20.800      2.10807e+02       1.38719e+01      -6.11889e+00       7.77674e-05       4.70507e+01
 20.900      2.10844e+02       1.38435e+01      -6.10730e+00       7.65289e-05       4.63094e+01
 21.000      2.10880e+02       1.38301e+01      -6.10734e+00       7.53118e-05       4.55806e+01
 21.100      2.10915e+02       1.38308e+01      -6.11850e+00       7.41156e-05       4.48640e+01
 21.200      2.10948e+02       1.38446e+01      -6.14023e+00       7.29399e-05       4.41594e+01
 21.300      2.10981e+02       1.38707e+01      -6.17201e+00       7.17840e-05       4.34664e+01
 21.400      2.11013e+02       1.39079e+01      -6.21331e+00       7.06477e-05       4.27848e+01
 21.500      2.11044e+02       1.39554e+01      -6.26361e+00       6.95302e-05       4.21142e+01
 21.600      2.11074e+02       1.40123e+01      -6.32237e+00       6.84313e-05       4.14545e+01
 21.700      2.11104e+02       1.40774e+01      -6.38906e+00       6.73505e-05       4.08055e+01
 21.800      2.11132e+02       1.41500e+01      -6.46316e+00       6.62873e-05       4.01668e+01
 21.900      2.11160e+02       1.42291e+01      -6.54413e+00       6.52414e-05       3.95383e+01
 22.000      2.11188e+02       1.43136e+01      -6.63145e+00       6.42123e-05       3.89196e+01
 22.100      2.11214e+02       1.44026e+01      -6.72460e+00       6.31997e-05       3.83107e+01
 22.200      2.11240e+02       1.44953e+01      -6.82303e+00       6.22032e-05       3.77113e+01
 22.300      2.11266e+02       1.45905e+01      -6.92622e+00       6.12224e-05       3.71211e+01
 22.400      2.11291e+02       1.46874e+01      -7.03364e+00       6.02569e-05       3.65400e+01
 22.500      2.11315e+02       1.47851e+01      -7.14477e+00       5.93065e-05       3.59678e+01
 22.600      2.11339e+02       1.48824e+01      -7.25907e+00       5.83707e-05       3.54043e+01
 22.700      2.11362e+02       1.49786e+01      -7.37601e+00       5.74494e-05       3.48493e+01
 22.800      2.11385e+02       1.50726e+01      -7.49507e+00       5.65421e-05       3.43027e+01
 22.900      2.11408e+02       1.51635e+01      -7.61572e+00       5.56485e-05       3.37642e+01
 23.000      2.11430e+02       1.52503e+01      -7.73743e+00       5.47684e-05       3.32337e+01
 23.100      2.11452e+02       1.53321e+01      -7.85967e+00       5.39015e-05       3.27110e+01
 23.200      2.11473e+02       1.54079e+01      -7.98191e+00       5.30475e-05       3.21960e+01
 23.300      2.11495e+02       1.54767e+01      -8.10361e+00       5.22060e-05       3.16885e+01
 23.400      2.11516e+02       1.55377e+01      -8.22427e+00       5.13770e-05       3.11884e+01
 23.500      2.11537e+02       1.55898e+01      -8.34333e+00       5.05601e-05       3.06955e+01
 23.600      2.11557e+02       1.56321e+01      -8.46028e+00       4.97550e-05       3.02097e+01
 23.700      2.11578e+02       1.56637e+01      -8.57461e+00       4.89615e-05       2.97308e+01
 23.800      2.11599e+02       1.56847e+01      -8.68604e+00       4.81795e-05       2.92589e+01
 23.900      2.11620e+02       1.56959e+01      -8.79456e+00       4.74089e-05       2.87938e+01
 24.000      2.11642e+02       1.56985e+01      -8.90014e+00       4.66495e-05       2.83354e+01
 24.100      2.11664e+02       1.56932e+01      -9.00275e+00       4.59012e-05       2.78839e+01
 24.200      2.11689e+02       1.56811e+01      -9.10237e+00       4.51639e-05       2.74391e+01
 24.300      2.11714e+02       1.56631e+01      -9.19895e+00       4.44375e-05       2.70011e+01
 24.400      2.11742e+02       1.56401e+01      -9.29249e+00       4.37218e-05       2.65697e+01
 24.500      2.11772e+02       1.56131e+01      -9.38296e+00       4.30168e-05       2.61450e+01
 24.600      2.11805e+02       1.55831e+01      -9.47032e+00       4.23223e-05       2.57268e+01
 24.700      2.11840e+02       1.55511e+01      -9.55455e+00       4.16382e-05       2.53152e+01
 24.800      2.11879e+02       1.55178e+01      -9.63562e+00       4.09645e-05       2.49102e+01
 24.900      2.11921e+02       1.54844e+01      -9.71351e+00       4.03009e-05       2.45115e+01
 25.000      2.11967e+02       1.54517e+01      -9.78820e+00       3.96473e-05       2.41193e+01
 25.100      2.12017e+02       1.54208e+01      -9.85964e+00       3.90038e-05       2.37334e+01
 25.200      2.12072e+02       1.53925e+01      -9.92782e+00       3.83700e-05       2.33538e+01
 25.300      2.12131e+02       1.53678e+01      -9.99272e+00       3.77460e-05       2.29804e+01
 25.400      2.12196e+02       1.53476e+01      -1.00543e+01       3.71316e-05       2.26132e+01
 25.500      2.12265e+02       1.53330e+01      -1.01125e+01       3.65267e-05       2.22521e+01
 25.600      2.12341e+02       1.53248e+01      -1.01674e+01       3.59311e-05       2.18971e+01
 25.700      2.12423e+02       1.53241e+01      -1.02189e+01       3.53448e-05       2.15481e+01
 25.800      2.12511e+02       1.53317e+01      -1.02669e+01       3.47677e-05       2.12050e+01
 25.900      2.12605e+02       1.53486e+01      -1.03115e+01       3.41996e-05       2.08678e+01
 26.000      2.12707e+02       1.53758e+01      -1.03526e+01       3.36404e-05       2.05364e+01
 26.100      2.12816e+02       1.54142e+01      -1.03902e+01       3.30900e-05       2.02108e+01
 26.200      2.12932e+02       1.54647e+01      -1.04243e+01       3.25483e-05       1.98908e+01
 26.300      2.13057e+02       1.55278e+01      -1.04549e+01       3.20152e-05       1.95764e+01
 26.400      2.13188e+02       1.56032e+01      -1.04821e+01       3.14906e-05       1.92675e+01
 26.500      2.13327e+02       1.56903e+01      -1.05061e+01       3.09744e-05       1.89640e+01
 26.600      2.13473e+02       1.57889e+01      -1.05269e+01       3.04665e-05       1.86658e+01
 26.700      2.13625e+02       1.58984e+01      -1.05448e+01       2.99667e-05       1.83727e+01
 26.800      2.13784e+02       1.60185e+01      -1.05598e+01       2.94750e-05       1.80847e+01
 26.900      2.13949e+02       1.61488e+01      -1.05721e+01       2.89912e-05       1.78016e+01
 27.000      2.14119e+02       1.62888e+01      -1.05817e+01       2.85153e-05       1.75233e+01
 27.100      2.14296e+02       1.64381e+01      -1.05889e+01       2.80472e-05       1.72498e+01
 27.200      2.14477e+02       1.65963e+01      -1.05937e+01       2.75867e-05       1.69810e+01
 27.300      2.14663e+02       1.67629e+01      -1.05963e+01       2.71338e-05       1.67167e+01
 27.400      2.14855e+02       1.69377e+01      -1.05968e+01       2.66883e-05       1.64569e+01
 27.500      2.15050e+02       1.71201e+01      -1.05953e+01       2.62501e-05       1.62014e+01
 27.600      2.15250e+02       1.73098e+01      -1.05920e+01       2.58192e-05       1.59503e+01
 27.700      2.15454e+02       1.75063e+01      -1.05870e+01       2.53954e-05       1.57034e+01
 27.800      2.15662e+02       1.77092e+01      -1.05804e+01       2.49787e-05       1.54606e+01
 27.900      2.15873e+02       1.79180e+01      -1.05723e+01       2.45690e-05       1.52218e+01
 28.000      2.16087e+02       1.81325e+01      -1.05629e+01       2.41660e-05       1.49870e+01
 28.100      2.16304e+02       1.83521e+01      -1.05523e+01       2.37698e-05       1.47561e+01
 28.200      2.16523e+02       1.85765e+01      -1.05407e+01       2.33803e-05       1.45290e+01
 28.300      2.16745e+02       1.88052e+01      -1.05280e+01       2.29973e-05       1.43057e+01
 28.400      2.16969e+02       1.90378e+01      -1.05146e+01       2.26208e-05       1.40860e+01
 28.500      2.17194e+02       1.92739e+01      -1.05005e+01       2.22507e-05       1.38699e+01
 28.600      2.17422e+02       1.95131e+01      -1.04858e+01       2.18868e-05       1.36573e+01
 28.700      2.17650e+02       1.97549e+01      -1.04707e+01       2.15291e-05       1.34482e+01
 28.800      2.17879e+02       1.99991e+01      -1.04553e+01       2.11774e-05       1.32425e+01
 28.900      2.18109e+02       2.02450e+01      -1.04397e+01       2.08318e-05       1.30402e+01
 29.000      2.18340e+02       2.04924e+01      -1.04241e+01       2.04921e-05       1.28411e+01
 29.100      2.18570e+02       2.07407e+01      -1.04085e+01       2.01582e-05       1.26452e+01
 29.200      2.18801e+02       2.09897e+01      -1.03931e+01       1.98300e-05       1.24524e+01
 29.300      2.19031e+02       2.12388e+01      -1.03781e+01       1.95074e-05       1.22627e+01
 29.400      2.19260e+02       2.14877e+01      -1.03635e+01       1.91904e-05       1.20761e+01
 29.500      2.19489e+02       2.17359e+01      -1.03496e+01       1.88788e-05       1.18924e+01
 29.600      2.19716e+02       2.19831e+01      -1.03363e+01       1.85726e-05       1.17116e+01
 29.700      2.19942e+02       2.22288e+01      -1.03239e+01       1.82717e-05       1.15337e+01
 29.800      2.20166e+02       2.24725e+01      -1.03124e+01       1.79760e-05       1.13586e+01
 29.900      2.20389e+02       2.27140e+01      -1.03021e+01       1.76855e-05       1.11863e+01
 30.000      2.20608e+02       2.29527e+01      -1.02930e+01       1.73999e-05       1.10167e+01
 30.100      2.20826e+02       2.31882e+01      -1.02853e+01       1.71193e-05       1.08497e+01
 30.200      2.21040e+02       2.34202e+01      -1.02790e+01       1.68436e-05       1.06854e+01
 30.300      2.21252e+02       2.36482e+01      -1.02743e+01       1.65728e-05       1.05236e+01
 30.400      2.21460e+02       2.38718e+01      -1.02714e+01       1.63066e-05       1.03643e+01
 30.500      2.21664e+02       2.40906e+01      -1.02704e+01       1.60451e-05       1.02075e+01
 30.600      2.21865e+02       2.43042e+01      -1.02713e+01       1.57881e-05       1.00531e+01
 30.700      2.22061e+02       2.45121e+01      -1.02744e+01       1.55356e-05       9.90111e+00
 30.800      2.22254e+02       2.47145e+01      -1.02792e+01       1.52876e-05       9.75146e+00
 30.900      2.22443e+02       2.49117e+01      -1.02853e+01       1.50438e-05       9.60414e+00
 31.000      2.22629e+02       2.51040e+01      -1.02919e+01       1.48043e-05       9.45911e+00
 31.100      2.22812e+02       2.52918e+01      -1.02986e+01       1.45689e-05       9.31635e+00
 31.200      2.22993e+02       2.54755e+01      -1.03048e+01       1.43375e-05       9.17583e+00
 31.300      2.23172e+02       2.56554e+01      -1.03099e+01       1.41100e-05       9.03752e+00
 31.400      2.23350e+02       2.58318e+01      -1.03132e+01       1.38864e-05       8.90140e+00
 31.500      2.23527e+02       2.60051e+01      -1.03143e+01       1.36666e-05       8.76743e+00
 31.600      2.23703e+02       2.61757e+01      -1.03125e+01       1.34505e-05       8.63559e+00
 31.700      2.23880e+02       2.63438e+01      -1.03073e+01       1.32380e-05       8.50587e+00
 31.800      2.24057e+02       2.65100e+01      -1.02981e+01       1.30290e-05       8.37821e+00
 31.900      2.24234e+02       2.66744e+01      -1.02842e+01       1.28235e-05       8.25261e+00
 32.000      2.24413e+02       2.68375e+01      -1.02652e+01       1.26214e-05       8.12903e+00
 32.100      2.24594e+02       2.69996e+01      -1.02404e+01       1.24227e-05       8.00745e+00
 32.200      2.24777e+02       2.71611e+01      -1.02092e+01       1.22271e-05       7.88784e+00
 32.300      2.24962e+02       2.73223e+01      -1.01711e+01       1.20348e-05       7.77017e+00
 32.400      2.25151e+02       2.74836e+01      -1.01255e+01       1.18456e-05       7.65442e+00
 32.500      2.25342e+02       2.76453e+01      -1.00718e+01       1.16595e-05       7.54057e+00
 32.600      2.25538e+02       2.78078e+01      -1.00094e+01       1.14764e-05       7.42858e+00
 32.700      2.25738e+02       2.79714e+01      -9.93778e+00       1.12962e-05       7.31843e+00
 32.800      2.25943e+02       2.81365e+01      -9.85630e+00       1.11189e-05       7.21010e+00
 32.900      2.26153e+02       2.83034e+01      -9.76440e+00       1.09444e-05       7.10355e+00
 33.000      2.26369e+02       2.84725e+01      -9.66150e+00       1.07727e-05       6.99878e+00
 33.100      2.26591e+02       2.86440e+01      -9.54730e+00       1.06037e-05       6.89574e+00
 33.200      2.26818e+02       2.88180e+01      -9.42255e+00       1.04374e-05       6.79440e+00
 33.300      2.27051e+02       2.89945e+01      -9.28829e+00       1.02737e-05       6.69474e+00
 33.400      2.27289e+02       2.91733e+01      -9.14553e+00       1.01127e-05       6.59670e+00
 33.500      2.27532e+02       2.93544e+01      -8.99531e+00       9.95420e-06       6.50025e+00
 33.600      2.27779e+02       2.95378e+01      -8.83864e+00       9.79823e-06       6.40536e+00
 33.700      2.28031e+02       2.97234e+01      -8.67655e+00       9.64477e-06       6.31201e+00
 33.800      2.28286e+02       2.99111e+01      -8.51007e+00       9.49376e-06       6.22014e+00
 33.900      2.28546e+02       3.01009e+01      -8.34020e+00       9.34517e-06       6.12974e+00
 34.000      2.28808e+02       3.02928e+01      -8.16800e+00       9.19895e-06       6.04077e+00
 34.100      2.29074e+02       3.04866e+01      -7.99447e+00       9.05510e-06       5.95320e+00
 34.200      2.29342e+02       3.06824e+01      -7.82063e+00       8.91355e-06       5.86700e+00
 34.300      2.29613e+02       3.08800e+01      -7.64752e+00       8.77429e-06       5.78215e+00
 34.400      2.29886e+02       3.10795e+01      -7.47616e+00       8.63726e-06       5.69862e+00
 34.500      2.30160e+02       3.12807e+01      -7.30757e+00       8.50245e-06       5.61637e+00
 34.600      2.30436e+02       3.14836e+01      -7.14278e+00       8.36981e-06       5.53539e+00
 34.700      2.30713e+02       3.16882e+01      -6.98280e+00       8.23932e-06       5.45565e+00
 34.800      2.30992e+02       3.18944e+01      -6.82867e+00       8.11094e-06       5.37712e+00
 34.900      2.31270e+02       3.21021e+01      -6.68140e+00       7.98463e-06       5.29977e+00
 35.000      2.31549e+02       3.23113e+01      -6.54203e+00       7.86038e-06       5.22359e+00
 35.100      2.31828e+02       3.25220e+01      -6.41157e+00       7.73814e-06       5.14855e+00
 35.200      2.32107e+02       3.27340e+01      -6.29105e+00       7.61788e-06       5.07463e+00
 35.300      2.32385e+02       3.29474e+01      -6.18149e+00       7.49958e-06       5.00180e+00
 35.400      2.32662e+02       3.31621e+01      -6.08364e+00       7.38319e-06       4.93005e+00
 35.500      2.32938e+02       3.33781e+01      -5.99702e+00       7.26870e-06       4.85936e+00
 35.600      2.33213e+02       3.35957e+01      -5.92083e+00       7.15608e-06       4.78972e+00
 35.700      2.33488e+02       3.38150e+01      -5.85427e+00       7.04528e-06       4.72111e+00
 35.800      2.33762e+02       3.40361e+01      -5.79653e+00       6.93628e-06       4.65352e+00
 35.900      2.34035e+02       3.42592e+01      -5.74681e+00       6.82906e-06       4.58694e+00
 36.000      2.34307e+02       3.44843e+01      -5.70431e+00       6.72358e-06       4.52135e+00
 36.100      2.34579e+02       3.47117e+01      -5.66822e+00       6.61983e-06       4.45674e+00
 36.200      2.34850e+02       3.49414e+01      -5.63775e+00       6.51776e-06       4.39310e+00
 36.300      2.35121e+02       3.51737e+01      -5.61209e+00       6.41735e-06       4.33041e+00
 36.400      2.35391e+02       3.54085e+01      -5.59045e+00       6.31858e-06       4.26866e+00
 36.500      2.35661e+02       3.56462e+01      -5.57201e+00       6.22143e-06       4.20785e+00
 36.600      2.35931e+02       3.58867e+01      -5.55597e+00       6.12585e-06       4.14794e+00
 36.700      2.36200e+02       3.61303e+01      -5.54154e+00       6.03183e-06       4.08894e+00
 36.800      2.36469e+02       3.63770e+01      -5.52790e+00       5.93935e-06       4.03084e+00
 36.900      2.36738e+02       3.66271e+01      -5.51427e+00       5.84837e-06       3.97361e+00
 37.000      2.37007e+02       3.68807e+01      -5.49983e+00       5.75888e-06       3.91725e+00
 37.100      2.37276e+02       3.71378e+01      -5.48378e+00       5.67085e-06       3.86174e+00
 37.200      2.37544e+02       3.73986e+01      -5.46533e+00       5.58425e-06       3.80708e+00
 37.300      2.37813e+02       3.76633e+01      -5.44366e+00       5.49907e-06       3.75325e+00
 37.400      2.38082e+02       3.79321e+01      -5.41798e+00       5.41529e-06       3.70024e+00
 37.500      2.38351e+02       3.82049e+01      -5.38748e+00       5.33286e-06       3.64804e+00
 37.600      2.38620e+02       3.84820e+01      -5.35136e+00       5.25179e-06       3.59664e+00
 37.700      2.38889e+02       3.87636e+01      -5.30883e+00       5.17204e-06       3.54601e+00
 37.800      2.39159e+02       3.90497e+01      -5.25907e+00       5.09359e-06       3.49617e+00
 37.900      2.39429e+02       3.93404e+01      -5.20128e+00       5.01642e-06       3.44709e+00
 38.000      2.39700e+02       3.96360e+01      -5.13467e+00       4.94051e-06       3.39877e+00
 38.100      2.39971e+02       3.99366e+01      -5.05843e+00       4.86585e-06       3.35119e+00
 38.200      2.40242e+02       4.02422e+01      -4.97175e+00       4.79240e-06       3.30433e+00
 38.300      2.40514e+02       4.05531e+01      -4.87384e+00       4.72016e-06       3.25821e+00
 38.400      2.40786e+02       4.08693e+01      -4.76389e+00       4.64909e-06       3.21279e+00
 38.500      2.41060e+02       4.11911e+01      -4.64110e+00       4.57919e-06       3.16807e+00
 38.600      2.41334e+02       4.15185e+01      -4.50467e+00       4.51043e-06       3.12405e+00
 38.700      2.41608e+02       4.18516e+01      -4.35380e+00       4.44279e-06       3.08070e+00
 38.800      2.41884e+02       4.21907e+01      -4.18768e+00       4.37626e-06       3.03803e+00
 38.900      2.42160e+02       4.25358e+01      -4.00550e+00       4.31082e-06       2.99602e+00
 39.000      2.42438e+02       4.28871e+01      -3.80679e+00       4.24644e-06       2.95466e+00
 39.100      2.42716e+02       4.32443e+01      -3.59194e+00       4.18312e-06       2.91394e+00
 39.200      2.42995e+02       4.36074e+01      -3.36153e+00       4.12082e-06       2.87384e+00
 39.300      2.43274e+02       4.39761e+01      -3.11616e+00       4.05954e-06       2.83436e+00
 39.400      2.43555e+02       4.43504e+01      -2.85640e+00       3.99926e-06       2.79549e+00
 39.500      2.43836e+02       4.47300e+01      -2.58285e+00       3.93994e-06       2.75721e+00
 39.600      2.44117e+02       4.51147e+01      -2.29609e+00       3.88159e-06       2.71951e+00
 39.700      2.44399e+02       4.55045e+01      -1.99669e+00       3.82418e-06       2.68238e+00
 39.800      2.44682e+02       4.58992e+01      -1.68525e+00       3.76769e-06       2.64581e+00
 39.900      2.44965e+02       4.62985e+01      -1.36233e+00       3.71210e-06       2.60979e+00
 40.000      2.45248e+02       4.67024e+01      -1.02855e+00       3.65741e-06       2.57431e+00
 40.100      2.45531e+02       4.71106e+01      -6.84472e-01       3.60360e-06       2.53936e+00
 40.200      2.45815e+02       4.75230e+01      -3.30672e-01       3.55064e-06       2.50493e+00
 40.300      2.46099e+02       4.79395e+01       3.22415e-02       3.49853e-06       2.47102e+00
 40.400      2.46382e+02       4.83598e+01       4.03712e-01       3.44724e-06       2.43760e+00
 40.500      2.46666e+02       4.87839e+01       7.83126e-01       3.39677e-06       2.40468e+00
 40.600      2.46950e+02       4.92114e+01       1.16992e+00       3.34710e-06       2.37224e+00
 40.700      2.47234e+02       4.96424e+01       1.56351e+00       3.29821e-06       2.34028e+00
 40.800      2.47517e+02       5.00766e+01       1.96330e+00       3.25010e-06       2.30879e+00
 40.900      2.47801e+02       5.05139e+01       2.36872e+00       3.20274e-06       2.27775e+00
 41.000      2.48084e+02       5.09541e+01       2.77917e+00       3.15612e-06       2.24716e+00
 41.100      2.48367e+02       5.13969e+01       3.19407e+00       3.11024e-06       2.21702e+00
 41.200      2.48649e+02       5.18424e+01       3.61286e+00       3.06508e-06       2.18731e+00
 41.300      2.48931e+02       5.22903e+01       4.03492e+00       3.02062e-06       2.15803e+00
 41.400      2.49213e+02       5.27404e+01       4.45969e+00       2.97686e-06       2.12917e+00
 41.500      2.49493e+02       5.31926e+01       4.88657e+00       2.93377e-06       2.10072e+00
 41.600      2.49774e+02       5.36466e+01       5.31499e+00       2.89136e-06       2.07268e+00
 41.700      2.50053e+02       5.41025e+01       5.74437e+00       2.84961e-06       2.04503e+00
 41.800      2.50332e+02       5.45600e+01       6.17410e+00       2.80850e-06       2.01777e+00
 41.900      2.50610e+02       5.50188e+01       6.60363e+00       2.76802e-06       1.99090e+00
 42.000      2.50887e+02       5.54790e+01       7.03248e+00       2.72817e-06       1.96441e+00
 42.100      2.51164e+02       5.59405e+01       7.46041e+00       2.68894e-06       1.93829e+00
 42.200      2.51439e+02       5.64034e+01       7.88720e+00       2.65031e-06       1.91254e+00
 42.300      2.51713e+02       5.68675e+01       8.31259e+00       2.61228e-06       1.88715e+00
 42.400      2.51985e+02       5.73330e+01       8.73636e+00       2.57484e-06       1.86212e+00
 42.500      2.52257e+02       5.77997e+01       9.15826e+00       2.53798e-06       1.83744e+00
 42.600      2.52527e+02       5.82678e+01       9.57806e+00       2.50169e-06       1.81310e+00
 42.700      2.52795e+02       5.87371e+01       9.99555e+00       2.46596e-06       1.78911e+00
 42.800      2.53062e+02       5.92078e+01       1.04104e+01       2.43079e-06       1.76545e+00
 42.900      2.53327e+02       5.96797e+01       1.08226e+01       2.39617e-06       1.74213e+00
 43.000      2.53590e+02       6.01530e+01       1.12316e+01       2.36208e-06       1.71913e+00
 43.100      2.53851e+02       6.06275e+01       1.16374e+01       2.32853e-06       1.69645e+00
 43.200      2.54110e+02       6.11033e+01       1.20397e+01       2.29549e-06       1.67410e+00
 43.300      2.54367e+02       6.15804e+01       1.24382e+01       2.26298e-06       1.65205e+00
 43.400      2.54622e+02       6.20587e+01       1.28328e+01       2.23096e-06       1.63031e+00
 43.500      2.54875e+02       6.25384e+01       1.32231e+01       2.19945e-06       1.60888e+00
 43.600      2.55125e+02       6.30193e+01       1.36090e+01       2.16843e-06       1.58775e+00
 43.700      2.55373e+02       6.35015e+01       1.39902e+01       2.13789e-06       1.56690e+00
 43.800      2.55618e+02       6.39849e+01       1.43665e+01       2.10783e-06       1.54636e+00
 43.900      2.55860e+02       6.44696e+01       1.47376e+01       2.07824e-06       1.52609e+00
 44.000      2.56100e+02       6.49556e+01       1.51033e+01       2.04912e-06       1.50612e+00
 44.100      2.56337e+02       6.54429e+01       1.54634e+01       2.02045e-06       1.48642e+00
 44.200      2.56571e+02       6.59314e+01       1.58176e+01       1.99222e-06       1.46699e+00
 44.300      2.56801e+02       6.64211e+01       1.61657e+01       1.96444e-06       1.44783e+00
 44.400      2.57029e+02       6.69121e+01       1.65075e+01       1.93710e-06       1.42894e+00
 44.500      2.57253e+02       6.74044e+01       1.68427e+01       1.91018e-06       1.41032e+00
 44.600      2.57474e+02       6.78978e+01       1.71711e+01       1.88368e-06       1.39195e+00
 44.700      2.57692e+02       6.83926e+01       1.74924e+01       1.85760e-06       1.37383e+00
 44.800      2.57906e+02       6.88886e+01       1.78065e+01       1.83193e-06       1.35597e+00
 44.900      2.58116e+02       6.93858e+01       1.81130e+01       1.80666e-06       1.33836e+00
 45.000      2.58322e+02       6.98842e+01       1.84118e+01       1.78179e-06       1.32099e+00
 45.100      2.58525e+02       7.03839e+01       1.87026e+01       1.75730e-06       1.30386e+00
 45.200      2.58724e+02       7.08848e+01       1.89852e+01       1.73320e-06       1.28697e+00
 45.300      2.58919e+02       7.13869e+01       1.92594e+01       1.70948e-06       1.27031e+00
 45.400      2.59109e+02       7.18903e+01       1.95248e+01       1.68614e-06       1.25388e+00
 45.500      2.59296e+02       7.23948e+01       1.97813e+01       1.66315e-06       1.23768e+00
 45.600      2.59478e+02       7.29006e+01       2.00286e+01       1.64053e-06       1.22171e+00
 45.700      2.59656e+02       7.34076e+01       2.02666e+01       1.61827e-06       1.20595e+00
 45.800      2.59829e+02       7.39158e+01       2.04949e+01       1.59635e-06       1.19042e+00
 45.900      2.59998e+02       7.44253e+01       2.07133e+01       1.57478e-06       1.17509e+00
 46.000      2.60161e+02       7.49359e+01       2.09216e+01       1.55355e-06       1.15998e+00
 46.100      2.60321e+02       7.54477e+01       2.11196e+01       1.53265e-06       1.14507e+00
 46.200      2.60475e+02       7.59608e+01       2.13070e+01       1.51208e-06       1.13037e+00
 46.300      2.60624e+02       7.64750e+01       2.14836e+01       1.49183e-06       1.11588e+00
 46.400      2.60768e+02       7.69904e+01       2.16492e+01       1.47191e-06       1.10158e+00
 46.500      2.60907e+02       7.75070e+01       2.18034e+01       1.45229e-06       1.08748e+00
 46.600      2.61041e+02       7.80248e+01       2.19461e+01       1.43298e-06       1.07358e+00
 46.700      2.61170e+02       7.85438e+01       2.20771e+01       1.41398e-06       1.05986e+00
 46.800      2.61293e+02       7.90640e+01       2.21961e+01       1.39528e-06       1.04633e+00
 46.900      2.61410e+02       7.95853e+01       2.23029e+01       1.37687e-06       1.03299e+00
 47.000      2.61522e+02       8.01078e+01       2.23971e+01       1.35875e-06       1.01983e+00
 47.100      2.61628e+02       8.06315e+01       2.24787e+01       1.34091e-06       1.00685e+00
 47.200      2.61728e+02       8.11564e+01       2.25474e+01       1.32335e-06       9.94051e-01
 47.300      2.61822e+02       8.16821e+01       2.26034e+01       1.30608e-06       9.81424e-01
 47.400      2.61910e+02       8.22081e+01       2.26475e+01       1.28907e-06       9.68969e-01
 47.500      2.61992e+02       8.27336e+01       2.26803e+01       1.27232e-06       9.56682e-01
 47.600      2.62068e+02       8.32581e+01       2.27028e+01       1.25584e-06       9.44559e-01
 47.700      2.62138e+02       8.37809e+01       2.27157e+01       1.23960e-06       9.32597e-01
 47.800      2.62201e+02       8.43014e+01       2.27196e+01       1.22362e-06       9.20795e-01
 47.900      2.62257e+02       8.48189e+01       2.27155e+01       1.20788e-06       9.09146e-01
 48.000      2.62307e+02       8.53328e+01       2.27040e+01       1.19238e-06       8.97651e-01
 48.100      2.62350e+02       8.58425e+01       2.26859e+01       1.17712e-06       8.86304e-01
 48.200      2.62386e+02       8.63473e+01       2.26620e+01       1.16209e-06       8.75105e-01
 48.300      2.62414e+02       8.68465e+01       2.26331e+01       1.14728e-06       8.64048e-01
 48.400      2.62436e+02       8.73396e+01       2.25998e+01       1.13269e-06       8.53133e-01
 48.500      2.62451e+02       8.78259e+01       2.25631e+01       1.11832e-06       8.42357e-01
 48.600      2.62458e+02       8.83047e+01       2.25236e+01       1.10416e-06       8.31716e-01
 48.700      2.62458e+02       8.87755e+01       2.24821e+01       1.09021e-06       8.21207e-01
 48.800      2.62450e+02       8.92375e+01       2.24394e+01       1.07647e-06       8.10832e-01
 48.900      2.62435e+02       8.96902e+01       2.23963e+01       1.06292e-06       8.00582e-01
 49.000      2.62412e+02       9.01328e+01       2.23534e+01       1.04958e-06       7.90461e-01
 49.100      2.62381e+02       9.05648e+01       2.23116e+01       1.03643e-06       7.80463e-01
 49.200      2.62342e+02       9.09856e+01       2.22717e+01       1.02346e-06       7.70587e-01
 49.300      2.62295e+02       9.13944e+01       2.22344e+01       1.01069e-06       7.60830e-01
 49.400      2.62240e+02       9.17907e+01       2.22004e+01       9.98090e-07       7.51190e-01
 49.500      2.62176e+02       9.21737e+01       2.21706e+01       9.85675e-07       7.41667e-01
 49.600      2.62104e+02       9.25429e+01       2.21457e+01       9.73435e-07       7.32256e-01
 49.700      2.62024e+02       9.28977e+01       2.21265e+01       9.61369e-07       7.22958e-01
 49.800      2.61935e+02       9.32373e+01       2.21137e+01       9.49472e-07       7.13768e-01
 49.900      2.61837e+02       9.35611e+01       2.21081e+01       9.37741e-07       7.04686e-01
 50.000      2.61730e+02       9.38686e+01       2.21104e+01       9.26174e-07       6.95711e-01
 50.100      2.61615e+02       9.41590e+01       2.21215e+01       9.14767e-07       6.86839e-01
 50.200      2.61490e+02       9.44318e+01       2.21420e+01       9.03518e-07       6.78070e-01
 50.300      2.61357e+02       9.46871e+01       2.21721e+01       8.92424e-07       6.69402e-01
 50.400      2.61215e+02       9.49258e+01       2.22114e+01       8.81480e-07       6.60835e-01
 50.500      2.61065e+02       9.51484e+01       2.22597e+01       8.70685e-07       6.52368e-01
 50.600      2.60908e+02       9.53558e+01       2.23165e+01       8.60035e-07       6.43999e-01
 50.700      2.60744e+02       9.55485e+01       2.23816e+01       8.49525e-07       6.35729e-01
 50.800      2.60573e+02       9.57273e+01       2.24547e+01       8.39155e-07       6.27556e-01
 50.900      2.60395e+02       9.58930e+01       2.25355e+01       8.28919e-07       6.19479e-01
 51.000      2.60212e+02       9.60462e+01       2.26236e+01       8.18818e-07       6.11499e-01
 51.100      2.60023e+02       9.61876e+01       2.27188e+01       8.08846e-07       6.03614e-01
 51.200      2.59829e+02       9.63179e+01       2.28207e+01       7.99001e-07       5.95823e-01
 51.300      2.59631e+02       9.64379e+01       2.29290e+01       7.89282e-07       5.88125e-01
 51.400      2.59428e+02       9.65482e+01       2.30434e+01       7.79684e-07       5.80520e-01
 51.500      2.59221e+02       9.66496e+01       2.31636e+01       7.70207e-07       5.73007e-01
 51.600      2.59011e+02       9.67427e+01       2.32893e+01       7.60846e-07       5.65585e-01
 51.700      2.58799e+02       9.68284e+01       2.34201e+01       7.51599e-07       5.58252e-01
 51.800      2.58583e+02       9.69072e+01       2.35558e+01       7.42467e-07       5.51010e-01
 51.900      2.58366e+02       9.69798e+01       2.36960e+01       7.33443e-07       5.43855e-01
 52.000      2.58146e+02       9.70471e+01       2.38404e+01       7.24528e-07       5.36789e-01
 52.100      2.57926e+02       9.71097e+01       2.39887e+01       7.15720e-07       5.29810e-01
 52.200      2.57704e+02       9.71682e+01       2.41406e+01       7.07014e-07       5.22916e-01
 52.300      2.57483e+02       9.72235e+01       2.42958e+01       6.98410e-07       5.16108e-01
 52.400      2.57261e+02       9.72762e+01       2.44539e+01       6.89907e-07       5.09384e-01
 52.500      2.57039e+02       9.73270e+01       2.46147e+01       6.81500e-07       5.02744e-01
 52.600      2.56818e+02       9.73767e+01       2.47779e+01       6.73191e-07       4.96187e-01
 52.700      2.56599e+02       9.74259e+01       2.49430e+01       6.64974e-07       4.89712e-01
 52.800      2.56381e+02       9.74753e+01       2.51099e+01       6.56850e-07       4.83319e-01
 52.900      2.56165e+02       9.75257e+01       2.52782e+01       6.48817e-07       4.77006e-01
 53.000      2.55951e+02       9.75778e+01       2.54475e+01       6.40872e-07       4.70772e-01
 53.100      2.55741e+02       9.76322e+01       2.56176e+01       6.33015e-07       4.64618e-01
 53.200      2.55533e+02       9.76892e+01       2.57883e+01       6.25244e-07       4.58541e-01
 53.300      2.55329e+02       9.77489e+01       2.59594e+01       6.17557e-07       4.52542e-01
 53.400      2.55127e+02       9.78111e+01       2.61308e+01       6.09955e-07       4.46618e-01
 53.500      2.54928e+02       9.78756e+01       2.63023e+01       6.02438e-07       4.40770e-01
 53.600      2.54732e+02       9.79425e+01       2.64739e+01       5.95005e-07       4.34997e-01
 53.700      2.54539e+02       9.80116e+01       2.66454e+01       5.87653e-07       4.29296e-01
 53.800      2.54348e+02       9.80828e+01       2.68167e+01       5.80385e-07       4.23668e-01
 53.900      2.54159e+02       9.81561e+01       2.69877e+01       5.73197e-07       4.18111e-01
 54.000      2.53973e+02       9.82314e+01       2.71582e+01       5.66091e-07       4.12626e-01
 54.100      2.53790e+02       9.83085e+01       2.73281e+01       5.59064e-07       4.07209e-01
 54.200      2.53609e+02       9.83874e+01       2.74973e+01       5.52117e-07       4.01862e-01
 54.300      2.53430e+02       9.84680e+01       2.76656e+01       5.45249e-07       3.96583e-01
 54.400      2.53253e+02       9.85502e+01       2.78330e+01       5.38459e-07       3.91371e-01
 54.500      2.53078e+02       9.86339e+01       2.79992e+01       5.31747e-07       3.86226e-01
 54.600      2.52905e+02       9.87190e+01       2.81643e+01       5.25113e-07       3.81146e-01
 54.700      2.52734e+02       9.88055e+01       2.83279e+01       5.18554e-07       3.76131e-01
 54.800      2.52565e+02       9.88931e+01       2.84901e+01       5.12071e-07       3.71180e-01
 54.900      2.52397e+02       9.89820e+01       2.86507e+01       5.05662e-07       3.66292e-01
 55.000      2.52232e+02       9.90719e+01       2.88096e+01       4.99329e-07       3.61467e-01
 55.100      2.52068e+02       9.91627e+01       2.89666e+01       4.93069e-07       3.56703e-01
 55.200      2.51905e+02       9.92545e+01       2.91216e+01       4.86883e-07       3.52000e-01
 55.300      2.51744e+02       9.93470e+01       2.92745e+01       4.80768e-07       3.47357e-01
 55.400      2.51584e+02       9.94403e+01       2.94252e+01       4.74726e-07       3.42774e-01
 55.500      2.51426e+02       9.95341e+01       2.95735e+01       4.68755e-07       3.38250e-01
 55.600      2.51268e+02       9.96285e+01       2.97192e+01       4.62854e-07       3.33783e-01
 55.700      2.51112e+02       9.97233e+01       2.98624e+01       4.57024e-07       3.29373e-01
 55.800      2.50957e+02       9.98184e+01       3.00028e+01       4.51262e-07       3.25020e-01
 55.900      2.50803e+02       9.99138e+01       3.01404e+01       4.45569e-07       3.20723e-01
 56.000      2.50650e+02       1.00009e+02       3.02749e+01       4.39944e-07       3.16481e-01
 56.100      2.50498e+02       1.00105e+02       3.04062e+01       4.34387e-07       3.12293e-01
 56.200      2.50346e+02       1.00201e+02       3.05340e+01       4.28897e-07       3.08159e-01
 56.300      2.50194e+02       1.00297e+02       3.06581e+01       4.23473e-07       3.04077e-01
 56.400      2.50041e+02       1.00393e+02       3.07781e+01       4.18116e-07       3.00048e-01
 56.500      2.49888e+02       1.00489e+02       3.08938e+01       4.12825e-07       2.96070e-01
 56.600      2.49735e+02       1.00585e+02       3.10049e+01       4.07599e-07       2.92142e-01
 56.700      2.49580e+02       1.00681e+02       3.11112e+01       4.02438e-07       2.88264e-01
 56.800      2.49423e+02       1.00776e+02       3.12124e+01       3.97342e-07       2.84435e-01
 56.900      2.49265e+02       1.00872e+02       3.13083e+01       3.92310e-07       2.80655e-01
 57.000      2.49105e+02       1.00968e+02       3.13985e+01       3.87342e-07       2.76922e-01
 57.100      2.48942e+02       1.01064e+02       3.14828e+01       3.82436e-07       2.73237e-01
 57.200      2.48777e+02       1.01159e+02       3.15610e+01       3.77593e-07       2.69597e-01
 57.300      2.48608e+02       1.01255e+02       3.16328e+01       3.72813e-07       2.66004e-01
 57.400      2.48436e+02       1.01350e+02       3.16978e+01       3.68094e-07       2.62456e-01
 57.500      2.48261e+02       1.01445e+02       3.17560e+01       3.63437e-07       2.58952e-01
 57.600      2.48082e+02       1.01540e+02       3.18069e+01       3.58840e-07       2.55492e-01
 57.700      2.47898e+02       1.01635e+02       3.18503e+01       3.54303e-07       2.52076e-01
 57.800      2.47710e+02       1.01729e+02       3.18860e+01       3.49827e-07       2.48702e-01
 57.900      2.47517e+02       1.01824e+02       3.19136e+01       3.45408e-07       2.45370e-01
 58.000      2.47319e+02       1.01917e+02       3.19330e+01       3.41050e-07       2.42079e-01
 58.100      2.47116e+02       1.02011e+02       3.19439e+01       3.36749e-07       2.38830e-01
 58.200      2.46907e+02       1.02104e+02       3.19459e+01       3.32506e-07       2.35621e-01
 58.300      2.46691e+02       1.02197e+02       3.19389e+01       3.28320e-07       2.32452e-01
 58.400      2.46470e+02       1.02290e+02       3.19225e+01       3.24191e-07       2.29322e-01
 58.500      2.46241e+02       1.02382e+02       3.18965e+01       3.20118e-07       2.26231e-01
 58.600      2.46006e+02       1.02473e+02       3.18607e+01       3.16100e-07       2.23179e-01
 58.700      2.45763e+02       1.02565e+02       3.18147e+01       3.12138e-07       2.20164e-01
 58.800      2.45513e+02       1.02655e+02       3.17584e+01       3.08231e-07       2.17186e-01
 58.900      2.45255e+02       1.02746e+02       3.16912e+01       3.04377e-07       2.14245e-01
 59.000      2.44989e+02       1.02837e+02       3.16129e+01       3.00577e-07       2.11341e-01
 59.100      2.44715e+02       1.02928e+02       3.15228e+01       2.96829e-07       2.08472e-01
 59.200      2.44432e+02       1.03021e+02       3.14207e+01       2.93133e-07       2.05639e-01
 59.300      2.44141e+02       1.03116e+02       3.13060e+01       2.89488e-07       2.02840e-01
 59.400      2.43841e+02       1.03213e+02       3.11783e+01       2.85894e-07       2.00075e-01
 59.500      2.43532e+02       1.03313e+02       3.10371e+01       2.82350e-07       1.97344e-01
 59.600      2.43213e+02       1.03416e+02       3.08820e+01       2.78855e-07       1.94647e-01
 59.700      2.42886e+02       1.03523e+02       3.07125e+01       2.75408e-07       1.91982e-01
 59.800      2.42548e+02       1.03634e+02       3.05282e+01       2.72010e-07       1.89350e-01
 59.900      2.42201e+02       1.03751e+02       3.03286e+01       2.68658e-07       1.86749e-01
 60.000      2.41844e+02       1.03872e+02       3.01133e+01       2.65354e-07       1.84180e-01
 60.100      2.41478e+02       1.03999e+02       2.98819e+01       2.62095e-07       1.81643e-01
 60.200      2.41100e+02       1.04133e+02       2.96338e+01       2.58882e-07       1.79135e-01
 60.300      2.40712e+02       1.04274e+02       2.93686e+01       2.55714e-07       1.76659e-01
 60.400      2.40314e+02       1.04422e+02       2.90859e+01       2.52590e-07       1.74211e-01
 60.500      2.39904e+02       1.04578e+02       2.87852e+01       2.49510e-07       1.71794e-01
 60.600      2.39484e+02       1.04742e+02       2.84660e+01       2.46473e-07       1.69405e-01
 60.700      2.39052e+02       1.04915e+02       2.81280e+01       2.43478e-07       1.67045e-01
 60.800      2.38609e+02       1.05097e+02       2.77706e+01       2.40526e-07       1.64714e-01
 60.900      2.38154e+02       1.05290e+02       2.73935e+01       2.37616e-07       1.62410e-01
 61.000      2.37687e+02       1.05492e+02       2.69961e+01       2.34746e-07       1.60135e-01
 61.100      2.37208e+02       1.05706e+02       2.65780e+01       2.31917e-07       1.57886e-01
 61.200      2.36717e+02       1.05931e+02       2.61388e+01       2.29128e-07       1.55664e-01
 61.300      2.36213e+02       1.06168e+02       2.56780e+01       2.26378e-07       1.53469e-01
 61.400      2.35697e+02       1.06418e+02       2.51951e+01       2.23667e-07       1.51300e-01
 61.500      2.35168e+02       1.06680e+02       2.46898e+01       2.20995e-07       1.49157e-01
 61.600      2.34627e+02       1.06955e+02       2.41620e+01       2.18361e-07       1.47039e-01
 61.700      2.34074e+02       1.07241e+02       2.36128e+01       2.15762e-07       1.44947e-01
 61.800      2.33511e+02       1.07536e+02       2.30437e+01       2.13199e-07       1.42881e-01
 61.900      2.32939e+02       1.07837e+02       2.24559e+01       2.10668e-07       1.40839e-01
 62.000      2.32359e+02       1.08144e+02       2.18507e+01       2.08169e-07       1.38822e-01
 62.100      2.31774e+02       1.08453e+02       2.12294e+01       2.05700e-07       1.36830e-01
 62.200      2.31183e+02       1.08763e+02       2.05933e+01       2.03259e-07       1.34861e-01
 62.300      2.30588e+02       1.09071e+02       1.99437e+01       2.00846e-07       1.32918e-01
 62.400      2.29991e+02       1.09376e+02       1.92820e+01       1.98459e-07       1.30998e-01
 62.500      2.29392e+02       1.09676e+02       1.86094e+01       1.96096e-07       1.29101e-01
 62.600      2.28794e+02       1.09968e+02       1.79272e+01       1.93757e-07       1.27229e-01
 62.700      2.28197e+02       1.10251e+02       1.72367e+01       1.91441e-07       1.25379e-01
 62.800      2.27603e+02       1.10522e+02       1.65393e+01       1.89145e-07       1.23553e-01
 62.900      2.27012e+02       1.10779e+02       1.58363e+01       1.86869e-07       1.21750e-01
 63.000      2.26427e+02       1.11021e+02       1.51289e+01       1.84612e-07       1.19969e-01
 63.100      2.25848e+02       1.11245e+02       1.44184e+01       1.82373e-07       1.18211e-01
 63.200      2.25277e+02       1.11449e+02       1.37062e+01       1.80151e-07       1.16476e-01
 63.300      2.24715e+02       1.11632e+02       1.29936e+01       1.77944e-07       1.14762e-01
 63.400      2.24163e+02       1.11791e+02       1.22818e+01       1.75753e-07       1.13070e-01
 63.500      2.23623e+02       1.11924e+02       1.15722e+01       1.73575e-07       1.11400e-01
 63.600      2.23095e+02       1.12029e+02       1.08661e+01       1.71410e-07       1.09751e-01
 63.700      2.22582e+02       1.12104e+02       1.01648e+01       1.69258e-07       1.08124e-01
 63.800      2.22084e+02       1.12147e+02       9.46952e+00       1.67117e-07       1.06517e-01
 63.900      2.21602e+02       1.12156e+02       8.78164e+00       1.64987e-07       1.04932e-01
 64.000      2.21139e+02       1.12129e+02       8.10248e+00       1.62867e-07       1.03367e-01
 64.100      2.20695e+02       1.12064e+02       7.43330e+00       1.60757e-07       1.01823e-01
 64.200      2.20271e+02       1.11960e+02       6.77511e+00       1.58655e-07       1.00298e-01
 64.300      2.19866e+02       1.11818e+02       6.12833e+00       1.56564e-07       9.87943e-02
 64.400      2.19480e+02       1.11637e+02       5.49345e+00       1.54483e-07       9.73102e-02
 64.500      2.19113e+02       1.11419e+02       4.87086e+00       1.52414e-07       9.58461e-02
 64.600      2.18763e+02       1.11165e+02       4.26097e+00       1.50357e-07       9.44017e-02
 64.700      2.18431e+02       1.10876e+02       3.66419e+00       1.48313e-07       9.29769e-02
 64.800      2.18116e+02       1.10551e+02       3.08089e+00       1.46281e-07       9.15713e-02
 64.900      2.17817e+02       1.10193e+02       2.51159e+00       1.44265e-07       9.01853e-02
 65.000      2.17534e+02       1.09801e+02       1.95665e+00       1.42263e-07       8.88184e-02
 65.100      2.17267e+02       1.09376e+02       1.41649e+00       1.40276e-07       8.74704e-02
 65.200      2.17015e+02       1.08920e+02       8.91516e-01       1.38306e-07       8.61414e-02
 65.300      2.16776e+02       1.08432e+02       3.82117e-01       1.36351e-07       8.48309e-02
 65.400      2.16552e+02       1.07914e+02      -1.11216e-01       1.34414e-07       8.35392e-02
 65.500      2.16341e+02       1.07367e+02      -5.88109e-01       1.32494e-07       8.22657e-02
 65.600      2.16143e+02       1.06790e+02      -1.04814e+00       1.30592e-07       8.10104e-02
 65.700      2.15958e+02       1.06186e+02      -1.49090e+00       1.28708e-07       7.97733e-02
 65.800      2.15784e+02       1.05554e+02      -1.91601e+00       1.26842e-07       7.85538e-02
 65.900      2.15622e+02       1.04895e+02      -2.32297e+00       1.24996e-07       7.73521e-02
 66.000      2.15470e+02       1.04210e+02      -2.71142e+00       1.23169e-07       7.61680e-02
 66.100      2.15329e+02       1.03500e+02      -3.08092e+00       1.21362e-07       7.50013e-02
 66.200      2.15198e+02       1.02766e+02      -3.43108e+00       1.19575e-07       7.38518e-02
 66.300      2.15076e+02       1.02008e+02      -3.76149e+00       1.17808e-07       7.27191e-02
 66.400      2.14963e+02       1.01227e+02      -4.07168e+00       1.16061e-07       7.16035e-02
 66.500      2.14858e+02       1.00423e+02      -4.36128e+00       1.14336e-07       7.05044e-02
 66.600      2.14761e+02       9.95986e+01      -4.62987e+00       1.12631e-07       6.94219e-02
 66.700      2.14671e+02       9.87532e+01      -4.87718e+00       1.10947e-07       6.83557e-02
 66.800      2.14588e+02       9.78883e+01      -5.10312e+00       1.09285e-07       6.73055e-02
 66.900      2.14512e+02       9.70050e+01      -5.30755e+00       1.07644e-07       6.62713e-02
 67.000      2.14443e+02       9.61043e+01      -5.49037e+00       1.06024e-07       6.52529e-02
 67.100      2.14379e+02       9.51872e+01      -5.65149e+00       1.04425e-07       6.42499e-02
 67.200      2.14322e+02       9.42548e+01      -5.79078e+00       1.02848e-07       6.32623e-02
 67.300      2.14269e+02       9.33081e+01      -5.90817e+00       1.01291e-07       6.22898e-02
 67.400      2.14222e+02       9.23482e+01      -6.00351e+00       9.97562e-08       6.13323e-02
 67.500      2.14179e+02       9.13763e+01      -6.07672e+00       9.82422e-08       6.03895e-02
 67.600      2.14141e+02       9.03932e+01      -6.12768e+00       9.67497e-08       5.94614e-02
 67.700      2.14107e+02       8.94002e+01      -6.15630e+00       9.52782e-08       5.85477e-02
 67.800      2.14077e+02       8.83981e+01      -6.16245e+00       9.38274e-08       5.76480e-02
 67.900      2.14049e+02       8.73882e+01      -6.14605e+00       9.23979e-08       5.67625e-02
 68.000      2.14025e+02       8.63714e+01      -6.10697e+00       9.09892e-08       5.58909e-02
 68.100      2.14004e+02       8.53489e+01      -6.04512e+00       8.96013e-08       5.50329e-02
 68.200      2.13985e+02       8.43216e+01      -5.96038e+00       8.82341e-08       5.41883e-02
 68.300      2.13968e+02       8.32906e+01      -5.85265e+00       8.68875e-08       5.33571e-02
 68.400      2.13953e+02       8.22571e+01      -5.72183e+00       8.55613e-08       5.25390e-02
 68.500      2.13939e+02       8.12219e+01      -5.56781e+00       8.42556e-08       5.17338e-02
 68.600      2.13926e+02       8.01863e+01      -5.39048e+00       8.29700e-08       5.09414e-02
 68.700      2.13914e+02       7.91513e+01      -5.18974e+00       8.17045e-08       5.01616e-02
 68.800      2.13902e+02       7.81177e+01      -4.96547e+00       8.04590e-08       4.93942e-02
 68.900      2.13890e+02       7.70870e+01      -4.71758e+00       7.92333e-08       4.86391e-02
 69.000      2.13878e+02       7.60599e+01      -4.44597e+00       7.80273e-08       4.78961e-02
 69.100      2.13866e+02       7.50376e+01      -4.15060e+00       7.68408e-08       4.71650e-02
 69.200      2.13852e+02       7.40206e+01      -3.83190e+00       7.56733e-08       4.64455e-02
 69.300      2.13838e+02       7.30094e+01      -3.49038e+00       7.45247e-08       4.57376e-02
 69.400      2.13824e+02       7.20046e+01      -3.12663e+00       7.33946e-08       4.50410e-02
 69.500      2.13809e+02       7.10067e+01      -2.74120e+00       7.22827e-08       4.43556e-02
 69.600      2.13794e+02       7.00163e+01      -2.33462e+00       7.11885e-08       4.36811e-02
 69.700      2.13778e+02       6.90337e+01      -1.90745e+00       7.01119e-08       4.30173e-02
 69.800      2.13762e+02       6.80595e+01      -1.46019e+00       6.90524e-08       4.23641e-02
 69.900      2.13746e+02       6.70943e+01      -9.93474e-01       6.80098e-08       4.17214e-02
 70.000      2.13730e+02       6.61386e+01      -5.07812e-01       6.69837e-08       4.10888e-02
 70.100      2.13713e+02       6.51928e+01      -3.75527e-03       6.59739e-08       4.04662e-02
 70.200      2.13697e+02       6.42575e+01       5.18147e-01       6.49802e-08       3.98537e-02
 70.300      2.13680e+02       6.33331e+01       1.05738e+00       6.40019e-08       3.92506e-02
 70.400      2.13664e+02       6.24203e+01       1.61332e+00       6.30393e-08       3.86573e-02
 70.500      2.13647e+02       6.15195e+01       2.18545e+00       6.20918e-08       3.80734e-02
 70.600      2.13631e+02       6.06312e+01       2.77322e+00       6.11592e-08       3.74987e-02
 70.700      2.13614e+02       5.97560e+01       3.37608e+00       6.02411e-08       3.69330e-02
 70.800      2.13598e+02       5.88943e+01       3.99352e+00       5.93374e-08       3.63762e-02
 70.900      2.13583e+02       5.80468e+01       4.62490e+00       5.84479e-08       3.58283e-02
 71.000      2.13567e+02       5.72138e+01       5.26970e+00       5.75722e-08       3.52890e-02
 71.100      2.13552e+02       5.63959e+01       5.92738e+00       5.67101e-08       3.47582e-02
 71.200      2.13538e+02       5.55937e+01       6.59739e+00       5.58615e-08       3.42357e-02
 71.300      2.13524e+02       5.48075e+01       7.27921e+00       5.50258e-08       3.37214e-02
 71.400      2.13510e+02       5.40380e+01       7.97219e+00       5.42033e-08       3.32153e-02
 71.500      2.13497e+02       5.32857e+01       8.67583e+00       5.33934e-08       3.27171e-02
 71.600      2.13485e+02       5.25511e+01       9.38941e+00       5.25959e-08       3.22266e-02
 71.700      2.13473e+02       5.18344e+01       1.01116e+01       5.18108e-08       3.17438e-02
 71.800      2.13462e+02       5.11358e+01       1.08410e+01       5.10378e-08       3.12686e-02
 71.900      2.13451e+02       5.04558e+01       1.15759e+01       5.02766e-08       3.08008e-02
 72.000      2.13440e+02       4.97946e+01       1.23149e+01       4.95272e-08       3.03402e-02
 72.100      2.13430e+02       4.91523e+01       1.30566e+01       4.87893e-08       2.98867e-02
 72.200      2.13419e+02       4.85294e+01       1.37993e+01       4.80628e-08       2.94403e-02
 72.300      2.13409e+02       4.79260e+01       1.45417e+01       4.73473e-08       2.90006e-02
 72.400      2.13398e+02       4.73425e+01       1.52822e+01       4.66429e-08       2.85678e-02
 72.500      2.13386e+02       4.67791e+01       1.60193e+01       4.59494e-08       2.81416e-02
 72.600      2.13375e+02       4.62360e+01       1.67515e+01       4.52672e-08       2.77221e-02
 72.700      2.13363e+02       4.57136e+01       1.74773e+01       4.45948e-08       2.73088e-02
 72.800      2.13350e+02       4.52120e+01       1.81953e+01       4.39325e-08       2.69018e-02
 72.900      2.13337e+02       4.47317e+01       1.89038e+01       4.32805e-08       2.65009e-02
 73.000      2.13322e+02       4.42728e+01       1.96013e+01       4.26385e-08       2.61061e-02
 73.100      2.13307e+02       4.38356e+01       2.02865e+01       4.20064e-08       2.57173e-02
 73.200      2.13291e+02       4.34205e+01       2.09578e+01       4.13839e-08       2.53344e-02
 73.300      2.13273e+02       4.30275e+01       2.16137e+01       4.07708e-08       2.49571e-02
 73.400      2.13255e+02       4.26570e+01       2.22526e+01       4.01672e-08       2.45855e-02
 73.500      2.13235e+02       4.23094e+01       2.28731e+01       3.95728e-08       2.42195e-02
 73.600      2.13213e+02       4.19848e+01       2.34737e+01       3.89874e-08       2.38589e-02
 73.700      2.13190e+02       4.16834e+01       2.40528e+01       3.84110e-08       2.35038e-02
 73.800      2.13165e+02       4.14057e+01       2.46090e+01       3.78434e-08       2.31539e-02
 73.900      2.13139e+02       4.11518e+01       2.51408e+01       3.72844e-08       2.28091e-02
 74.000      2.13110e+02       4.09220e+01       2.56466e+01       3.67340e-08       2.24695e-02
 74.100      2.13080e+02       4.07164e+01       2.61250e+01       3.61919e-08       2.21349e-02
 74.200      2.13047e+02       4.05345e+01       2.65755e+01       3.56580e-08       2.18052e-02
 74.300      2.13013e+02       4.03748e+01       2.69980e+01       3.51322e-08       2.14804e-02
 74.400      2.12977e+02       4.02362e+01       2.73924e+01       3.46143e-08       2.11602e-02
 74.500      2.12939e+02       4.01175e+01       2.77587e+01       3.41041e-08       2.08448e-02
 74.600      2.12899e+02       4.00174e+01       2.80968e+01       3.36014e-08       2.05338e-02
 74.700      2.12857e+02       3.99347e+01       2.84066e+01       3.31062e-08       2.02274e-02
 74.800      2.12814e+02       3.98681e+01       2.86881e+01       3.26182e-08       1.99254e-02
 74.900      2.12769e+02       3.98164e+01       2.89412e+01       3.21373e-08       1.96277e-02
 75.000      2.12723e+02       3.97784e+01       2.91658e+01       3.16634e-08       1.93342e-02
 75.100      2.12675e+02       3.97528e+01       2.93619e+01       3.11963e-08       1.90449e-02
 75.200      2.12625e+02       3.97384e+01       2.95294e+01       3.07360e-08       1.87597e-02
 75.300      2.12575e+02       3.97339e+01       2.96683e+01       3.02821e-08       1.84785e-02
 75.400      2.12523e+02       3.97382e+01       2.97784e+01       2.98348e-08       1.82013e-02
 75.500      2.12469e+02       3.97500e+01       2.98597e+01       2.93937e-08       1.79280e-02
 75.600      2.12415e+02       3.97680e+01       2.99122e+01       2.89588e-08       1.76585e-02
 75.700      2.12359e+02       3.97911e+01       2.99358e+01       2.85301e-08       1.73927e-02
 75.800      2.12302e+02       3.98179e+01       2.99304e+01       2.81072e-08       1.71306e-02
 75.900      2.12245e+02       3.98473e+01       2.98959e+01       2.76902e-08       1.68722e-02
 76.000      2.12186e+02       3.98780e+01       2.98324e+01       2.72790e-08       1.66173e-02
 76.100      2.12126e+02       3.99088e+01       2.97397e+01       2.68734e-08       1.63659e-02
 76.200      2.12065e+02       3.99385e+01       2.96178e+01       2.64734e-08       1.61180e-02
 76.300      2.12004e+02       3.99659e+01       2.94667e+01       2.60788e-08       1.58734e-02
 76.400      2.11942e+02       3.99897e+01       2.92862e+01       2.56895e-08       1.56322e-02
 76.500      2.11879e+02       4.00086e+01       2.90764e+01       2.53055e-08       1.53943e-02
 76.600      2.11815e+02       4.00217e+01       2.88371e+01       2.49266e-08       1.51596e-02
 76.700      2.11751e+02       4.00281e+01       2.85689e+01       2.45528e-08       1.49281e-02
 76.800      2.11687e+02       4.00280e+01       2.82724e+01       2.41841e-08       1.46998e-02
 76.900      2.11621e+02       4.00211e+01       2.79484e+01       2.38203e-08       1.44745e-02
 77.000      2.11555e+02       4.00075e+01       2.75975e+01       2.34615e-08       1.42524e-02
 77.100      2.11489e+02       3.99870e+01       2.72205e+01       2.31076e-08       1.40334e-02
 77.200      2.11422e+02       3.99596e+01       2.68182e+01       2.27585e-08       1.38174e-02
 77.300      2.11354e+02       3.99253e+01       2.63912e+01       2.24142e-08       1.36044e-02
 77.400      2.11286e+02       3.98839e+01       2.59403e+01       2.20747e-08       1.33943e-02
 77.500      2.11217e+02       3.98354e+01       2.54662e+01       2.17398e-08       1.31873e-02
 77.600      2.11148e+02       3.97798e+01       2.49697e+01       2.14095e-08       1.29831e-02
 77.700      2.11078e+02       3.97168e+01       2.44516e+01       2.10839e-08       1.27818e-02
 77.800      2.11007e+02       3.96466e+01       2.39125e+01       2.07628e-08       1.25833e-02
 77.900      2.10936e+02       3.95689e+01       2.33533e+01       2.04462e-08       1.23877e-02
 78.000      2.10865e+02       3.94838e+01       2.27747e+01       2.01341e-08       1.21949e-02
 78.100      2.10793e+02       3.93911e+01       2.21775e+01       1.98263e-08       1.20048e-02
 78.200      2.10720e+02       3.92909e+01       2.15625e+01       1.95229e-08       1.18175e-02
 78.300      2.10647e+02       3.91829e+01       2.09304e+01       1.92238e-08       1.16328e-02
 78.400      2.10574e+02       3.90672e+01       2.02821e+01       1.89289e-08       1.14508e-02
 78.500      2.10500e+02       3.89437e+01       1.96183e+01       1.86383e-08       1.12715e-02
 78.600      2.10425e+02       3.88122e+01       1.89400e+01       1.83518e-08       1.10947e-02
 78.700      2.10350e+02       3.86728e+01       1.82478e+01       1.80695e-08       1.09206e-02
 78.800      2.10275e+02       3.85253e+01       1.75425e+01       1.77911e-08       1.07490e-02
 78.900      2.10199e+02       3.83697e+01       1.68252e+01       1.75169e-08       1.05799e-02
 79.000      2.10123e+02       3.82059e+01       1.60967e+01       1.72466e-08       1.04133e-02
 79.100      2.10046e+02       3.80339e+01       1.53577e+01       1.69802e-08       1.02492e-02
 79.200      2.09969e+02       3.78538e+01       1.46096e+01       1.67177e-08       1.00875e-02
 79.300      2.09892e+02       3.76658e+01       1.38532e+01       1.64591e-08       9.92817e-03
 79.400      2.09814e+02       3.74702e+01       1.30899e+01       1.62043e-08       9.77127e-03
 79.500      2.09735e+02       3.72671e+01       1.23208e+01       1.59532e-08       9.61670e-03
 79.600      2.09656e+02       3.70566e+01       1.15469e+01       1.57059e-08       9.46448e-03
 79.700      2.09576e+02       3.68389e+01       1.07695e+01       1.54623e-08       9.31454e-03
 79.800      2.09496e+02       3.66142e+01       9.98964e+00       1.52223e-08       9.16689e-03
 79.900      2.09415e+02       3.63825e+01       9.20867e+00       1.49860e-08       9.02146e-03
 80.000      2.09333e+02       3.61441e+01       8.42774e+00       1.47532e-08       8.87827e-03
 80.100      2.09251e+02       3.58991e+01       7.64805e+00       1.45239e-08       8.73726e-03
 80.200      2.09168e+02       3.56475e+01       6.87080e+00       1.42981e-08       8.59841e-03
 80.300      2.09085e+02       3.53896e+01       6.09712e+00       1.40758e-08       8.46169e-03
 80.400      2.09001e+02       3.51254e+01       5.32834e+00       1.38569e-08       8.32709e-03
 80.500      2.08916e+02       3.48552e+01       4.56559e+00       1.36413e-08       8.19458e-03
 80.600      2.08830e+02       3.45790e+01       3.81008e+00       1.34291e-08       8.06412e-03
 80.700      2.08744e+02       3.42970e+01       3.06302e+00       1.32202e-08       7.93570e-03
 80.800      2.08656e+02       3.40093e+01       2.32555e+00       1.30145e-08       7.80928e-03
 80.900      2.08568e+02       3.37160e+01       1.59900e+00       1.28120e-08       7.68484e-03
 81.000      2.08480e+02       3.34172e+01       8.84498e-01       1.26127e-08       7.56235e-03
 81.100      2.08390e+02       3.31130e+01       1.83254e-01       1.24165e-08       7.44180e-03
 81.200      2.08299e+02       3.28036e+01      -5.03553e-01       1.22234e-08       7.32316e-03
 81.300      2.08207e+02       3.24890e+01      -1.17480e+00       1.20334e-08       7.20638e-03
 81.400      2.08115e+02       3.21693e+01      -1.82922e+00       1.18464e-08       7.09147e-03
 81.500      2.08021e+02       3.18445e+01      -2.46601e+00       1.16623e-08       6.97837e-03
 81.600      2.07927e+02       3.15145e+01      -3.08448e+00       1.14812e-08       6.86707e-03
 81.700      2.07831e+02       3.11791e+01      -3.68401e+00       1.13029e-08       6.75754e-03
 81.800      2.07735e+02       3.08382e+01      -4.26400e+00       1.11275e-08       6.64974e-03
 81.900      2.07637e+02       3.04917e+01      -4.82374e+00       1.09549e-08       6.54367e-03
 82.000      2.07538e+02       3.01395e+01      -5.36266e+00       1.07850e-08       6.43926e-03
 82.100      2.07437e+02       2.97816e+01      -5.88019e+00       1.06179e-08       6.33652e-03
 82.200      2.07336e+02       2.94177e+01      -6.37575e+00       1.04533e-08       6.23541e-03
 82.300      2.07233e+02       2.90478e+01      -6.84882e+00       1.02915e-08       6.13589e-03
 82.400      2.07129e+02       2.86719e+01      -7.29882e+00       1.01322e-08       6.03796e-03
 82.500      2.07023e+02       2.82899e+01      -7.72530e+00       9.97543e-09       5.94158e-03
 82.600      2.06916e+02       2.79016e+01      -8.12779e+00       9.82119e-09       5.84673e-03
 82.700      2.06807e+02       2.75072e+01      -8.50587e+00       9.66942e-09       5.75337e-03
 82.800      2.06697e+02       2.71065e+01      -8.85920e+00       9.52007e-09       5.66150e-03
 82.900      2.06585e+02       2.66995e+01      -9.18737e+00       9.37312e-09       5.57108e-03
 83.000      2.06471e+02       2.62863e+01      -9.49012e+00       9.22852e-09       5.48210e-03
 83.100      2.06356e+02       2.58669e+01      -9.76721e+00       9.08623e-09       5.39452e-03
 83.200      2.06239e+02       2.54413e+01      -1.00185e+01       8.94623e-09       5.30834e-03
 83.300      2.06120e+02       2.50095e+01      -1.02437e+01       8.80846e-09       5.22350e-03
 83.400      2.05999e+02       2.45718e+01      -1.04429e+01       8.67290e-09       5.14002e-03
 83.500      2.05876e+02       2.41282e+01      -1.06160e+01       8.53951e-09       5.05785e-03
 83.600      2.05751e+02       2.36788e+01      -1.07631e+01       8.40826e-09       4.97698e-03
 83.700      2.05624e+02       2.32238e+01      -1.08843e+01       8.27911e-09       4.89740e-03
 83.800      2.05495e+02       2.27634e+01      -1.09798e+01       8.15201e-09       4.81905e-03
 83.900      2.05364e+02       2.22981e+01      -1.10502e+01       8.02696e-09       4.74196e-03
 84.000      2.05230e+02       2.18282e+01      -1.10962e+01       7.90389e-09       4.66608e-03
 84.100      2.05095e+02       2.13543e+01      -1.11186e+01       7.78279e-09       4.59140e-03
 84.200      2.04957e+02       2.08768e+01      -1.11180e+01       7.66363e-09       4.51791e-03
 84.300      2.04817e+02       2.03962e+01      -1.10953e+01       7.54635e-09       4.44557e-03
 84.400      2.04675e+02       1.99130e+01      -1.10513e+01       7.43094e-09       4.37438e-03
 84.500      2.04531e+02       1.94276e+01      -1.09868e+01       7.31736e-09       4.30432e-03
 84.600      2.04384e+02       1.89406e+01      -1.09027e+01       7.20559e-09       4.23536e-03
 84.700      2.04235e+02       1.84525e+01      -1.08000e+01       7.09558e-09       4.16749e-03
 84.800      2.04083e+02       1.79637e+01      -1.06796e+01       6.98729e-09       4.10069e-03
 84.900      2.03930e+02       1.74749e+01      -1.05425e+01       6.88073e-09       4.03494e-03
 85.000      2.03773e+02       1.69865e+01      -1.03896e+01       6.77583e-09       3.97024e-03
 85.100      2.03614e+02       1.64991e+01      -1.02220e+01       6.67258e-09       3.90654e-03
 85.200      2.03453e+02       1.60130e+01      -1.00406e+01       6.57094e-09       3.84385e-03
 85.300      2.03289e+02       1.55288e+01      -9.84628e+00       6.47088e-09       3.78214e-03
 85.400      2.03123e+02       1.50470e+01      -9.63993e+00       6.37239e-09       3.72140e-03
 85.500      2.02953e+02       1.45678e+01      -9.42245e+00       6.27542e-09       3.66161e-03
 85.600      2.02781e+02       1.40917e+01      -9.19470e+00       6.17996e-09       3.60275e-03
 85.700      2.02607e+02       1.36192e+01      -8.95756e+00       6.08597e-09       3.54481e-03
 85.800      2.02429e+02       1.31505e+01      -8.71184e+00       5.99342e-09       3.48777e-03
 85.900      2.02249e+02       1.26862e+01      -8.45841e+00       5.90230e-09       3.43162e-03
 86.000      2.02066e+02       1.22266e+01      -8.19806e+00       5.81257e-09       3.37634e-03
 86.100      2.01880e+02       1.17719e+01      -7.93158e+00       5.72422e-09       3.32192e-03
 86.200      2.01690e+02       1.13226e+01      -7.65984e+00       5.63722e-09       3.26833e-03
 86.300      2.01498e+02       1.08789e+01      -7.38364e+00       5.55153e-09       3.21557e-03
 86.400      2.01303e+02       1.04410e+01      -7.10383e+00       5.46715e-09       3.16362e-03
 86.500      2.01105e+02       1.00093e+01      -6.82112e+00       5.38404e-09       3.11246e-03
 86.600      2.00903e+02       9.58404e+00      -6.53620e+00       5.30219e-09       3.06209e-03
 86.700      2.00699e+02       9.16543e+00      -6.24973e+00       5.22157e-09       3.01248e-03
 86.800      2.00491e+02       8.75370e+00      -5.96227e+00       5.14217e-09       2.96362e-03
 86.900      2.00280e+02       8.34917e+00      -5.67443e+00       5.06396e-09       2.91550e-03
 87.000      2.00065e+02       7.95205e+00      -5.38668e+00       4.98692e-09       2.86812e-03
 87.100      1.99848e+02       7.56255e+00      -5.09949e+00       4.91103e-09       2.82145e-03
 87.200      1.99627e+02       7.18092e+00      -4.81325e+00       4.83629e-09       2.77549e-03
 87.300      1.99402e+02       6.80733e+00      -4.52833e+00       4.76265e-09       2.73022e-03
 87.400      1.99175e+02       6.44206e+00      -4.24509e+00       4.69012e-09       2.68563e-03
 87.500      1.98944e+02       6.08527e+00      -3.96380e+00       4.61867e-09       2.64172e-03
 87.600      1.98710e+02       5.73716e+00      -3.68471e+00       4.54829e-09       2.59847e-03
 87.700      1.98472e+02       5.39792e+00      -3.40803e+00       4.47895e-09       2.55587e-03
 87.800      1.98231e+02       5.06772e+00      -3.13392e+00       4.41064e-09       2.51391e-03
 87.900      1.97987e+02       4.74676e+00      -2.86258e+00       4.34335e-09       2.47259e-03
 88.000      1.97739e+02       4.43521e+00      -2.59408e+00       4.27706e-09       2.43189e-03
 88.100      1.97488e+02       4.13322e+00      -2.32854e+00       4.21176e-09       2.39181e-03
 88.200      1.97234e+02       3.84096e+00      -2.06600e+00       4.14742e-09       2.35234e-03
 88.300      1.96977e+02       3.55855e+00      -1.80650e+00       4.08404e-09       2.31346e-03
 88.400      1.96716e+02       3.28618e+00      -1.55006e+00       4.02160e-09       2.27516e-03
 88.500      1.96452e+02       3.02396e+00      -1.29662e+00       3.96008e-09       2.23745e-03
 88.600      1.96185e+02       2.77202e+00      -1.04612e+00       3.89948e-09       2.20032e-03
 88.700      1.95915e+02       2.53048e+00      -7.98478e-01       3.83977e-09       2.16375e-03
 88.800      1.95641e+02       2.29944e+00      -5.53598e-01       3.78094e-09       2.12773e-03
 88.900      1.95364e+02       2.07907e+00      -3.11431e-01       3.72299e-09       2.09227e-03
 89.000      1.95085e+02       1.86946e+00      -7.18719e-02       3.66590e-09       2.05735e-03
 89.100      1.94802e+02       1.67073e+00       1.65174e-01       3.60964e-09       2.02296e-03
 89.200      1.94516e+02       1.48301e+00       3.99803e-01       3.55422e-09       1.98910e-03
 89.300      1.94227e+02       1.30639e+00       6.32130e-01       3.49962e-09       1.95575e-03
 89.400      1.93936e+02       1.14102e+00       8.62219e-01       3.44582e-09       1.92292e-03
 89.500      1.93641e+02       9.87002e-01       1.09019e+00       3.39282e-09       1.89060e-03
 89.600      1.93343e+02       8.44449e-01       1.31615e+00       3.34060e-09       1.85877e-03
 89.700      1.93043e+02       7.13474e-01       1.54019e+00       3.28915e-09       1.82743e-03
 89.800      1.92739e+02       5.94182e-01       1.76243e+00       3.23846e-09       1.79658e-03
 89.900      1.92433e+02       4.86703e-01       1.98295e+00       3.18851e-09       1.76620e-03
 90.000      1.92123e+02       3.91140e-01       2.20185e+00       3.13930e-09       1.73629e-03
 90.100      1.91811e+02       3.07511e-01       2.41925e+00       3.09082e-09       1.70684e-03
 90.200      1.91497e+02       2.35460e-01       2.63525e+00       3.04305e-09       1.67785e-03
 90.300      1.91180e+02       1.74525e-01       2.85000e+00       2.99597e-09       1.64931e-03
 90.400      1.90860e+02       1.24253e-01       3.06357e+00       2.94958e-09       1.62121e-03
 90.500      1.90539e+02       8.41680e-02       3.27611e+00       2.90386e-09       1.59355e-03
 90.600      1.90216e+02       5.37973e-02       3.48772e+00       2.85880e-09       1.56632e-03
 90.700      1.89891e+02       3.26648e-02       3.69854e+00       2.81439e-09       1.53952e-03
 90.800      1.89564e+02       2.02897e-02       3.90869e+00       2.77062e-09       1.51313e-03
 90.900      1.89236e+02       1.61903e-02       4.11828e+00       2.72747e-09       1.48715e-03
 91.000      1.88907e+02       1.98764e-02       4.32741e+00       2.68494e-09       1.46158e-03
 91.100      1.88577e+02       3.08555e-02       4.53620e+00       2.64302e-09       1.43641e-03
 91.200      1.88246e+02       4.86331e-02       4.74476e+00       2.60169e-09       1.41164e-03
 91.300      1.87915e+02       7.27141e-02       4.95319e+00       2.56094e-09       1.38726e-03
 91.400      1.87583e+02       1.02595e-01       5.16157e+00       2.52077e-09       1.36326e-03
 91.500      1.87250e+02       1.37777e-01       5.36999e+00       2.48116e-09       1.33963e-03
 91.600      1.86918e+02       1.77758e-01       5.57855e+00       2.44212e-09       1.31638e-03
 91.700      1.86585e+02       2.22036e-01       5.78734e+00       2.40362e-09       1.29350e-03
 91.800      1.86253e+02       2.70110e-01       5.99644e+00       2.36566e-09       1.27098e-03
 91.900      1.85921e+02       3.21468e-01       6.20592e+00       2.32823e-09       1.24882e-03
 92.000      1.85590e+02       3.75611e-01       6.41585e+00       2.29132e-09       1.22702e-03
 92.100      1.85259e+02       4.32033e-01       6.62633e+00       2.25493e-09       1.20555e-03
 92.200      1.84929e+02       4.90233e-01       6.83740e+00       2.21905e-09       1.18444e-03
 92.300      1.84600e+02       5.49709e-01       7.04918e+00       2.18367e-09       1.16366e-03
 92.400      1.84272e+02       6.09950e-01       7.26168e+00       2.14878e-09       1.14321e-03
 92.500      1.83945e+02       6.70458e-01       7.47499e+00       2.11438e-09       1.12309e-03
 92.600      1.83619e+02       7.30729e-01       7.68917e+00       2.08045e-09       1.10330e-03
 92.700      1.83295e+02       7.90266e-01       7.90429e+00       2.04700e-09       1.08382e-03
 92.800      1.82973e+02       8.48576e-01       8.12042e+00       2.01401e-09       1.06466e-03
 92.900      1.82653e+02       9.05154e-01       8.33758e+00       1.98149e-09       1.04581e-03
 93.000      1.82334e+02       9.59510e-01       8.55584e+00       1.94941e-09       1.02726e-03
 93.100      1.82018e+02       1.01115e+00       8.77526e+00       1.91778e-09       1.00902e-03
 93.200      1.81703e+02       1.05958e+00       8.99590e+00       1.88660e-09       9.91072e-04
 93.300      1.81391e+02       1.10431e+00       9.21781e+00       1.85584e-09       9.73418e-04
 93.400      1.81081e+02       1.14484e+00       9.44102e+00       1.82552e-09       9.56055e-04
 93.500      1.80774e+02       1.18067e+00       9.66559e+00       1.79562e-09       9.38975e-04
 93.600      1.80470e+02       1.21131e+00       9.89159e+00       1.76613e-09       9.22176e-04
 93.700      1.80168e+02       1.23627e+00       1.01190e+01       1.73706e-09       9.05655e-04
 93.800      1.79869e+02       1.25506e+00       1.03480e+01       1.70840e-09       8.89405e-04
 93.900      1.79573e+02       1.26719e+00       1.05786e+01       1.68014e-09       8.73426e-04
 94.000      1.79281e+02       1.27215e+00       1.08107e+01       1.65227e-09       8.57711e-04
 94.100      1.78991e+02       1.26947e+00       1.10445e+01       1.62480e-09       8.42259e-04
 94.200      1.78705e+02       1.25865e+00       1.12801e+01       1.59772e-09       8.27063e-04
 94.300      1.78422e+02       1.23920e+00       1.15174e+01       1.57102e-09       8.12122e-04
 94.400      1.78143e+02       1.21062e+00       1.17564e+01       1.54469e-09       7.97430e-04
 94.500      1.77868e+02       1.17245e+00       1.19974e+01       1.51874e-09       7.82987e-04
 94.600      1.77596e+02       1.12418e+00       1.22402e+01       1.49316e-09       7.68786e-04
 94.700      1.77328e+02       1.06533e+00       1.24849e+01       1.46794e-09       7.54826e-04
 94.800      1.77064e+02       9.95396e-01       1.27317e+01       1.44308e-09       7.41101e-04
 94.900      1.76804e+02       9.13912e-01       1.29804e+01       1.41858e-09       7.27609e-04
 95.000      1.76549e+02       8.20381e-01       1.32312e+01       1.39443e-09       7.14347e-04
 95.100      1.76297e+02       7.14481e-01       1.34841e+01       1.37062e-09       7.01312e-04
 95.200      1.76050e+02       5.96565e-01       1.37390e+01       1.34716e-09       6.88499e-04
 95.300      1.75808e+02       4.67142e-01       1.39956e+01       1.32404e-09       6.75906e-04
 95.400      1.75570e+02       3.26758e-01       1.42537e+01       1.30126e-09       6.63529e-04
 95.500      1.75336e+02       1.75926e-01       1.45133e+01       1.27880e-09       6.51366e-04
 95.600      1.75107e+02       1.51722e-02       1.47740e+01       1.25668e-09       6.39413e-04
 95.700      1.74884e+02      -1.54974e-01       1.50358e+01       1.23487e-09       6.27667e-04
 95.800      1.74665e+02      -3.33999e-01       1.52984e+01       1.21339e-09       6.16125e-04
 95.900      1.74451e+02      -5.21345e-01       1.55616e+01       1.19222e-09       6.04784e-04
 96.000      1.74242e+02      -7.16494e-01       1.58253e+01       1.17137e-09       5.93641e-04
 96.100      1.74038e+02      -9.18917e-01       1.60893e+01       1.15082e-09       5.82693e-04
 96.200      1.73840e+02      -1.12808e+00       1.63534e+01       1.13058e-09       5.71937e-04
 96.300      1.73647e+02      -1.34347e+00       1.66174e+01       1.11064e-09       5.61370e-04
 96.400      1.73460e+02      -1.56451e+00       1.68811e+01       1.09100e-09       5.50989e-04
 96.500      1.73278e+02      -1.79070e+00       1.71443e+01       1.07166e-09       5.40793e-04
 96.600      1.73101e+02      -2.02149e+00       1.74069e+01       1.05261e-09       5.30777e-04
 96.700      1.72931e+02      -2.25636e+00       1.76686e+01       1.03384e-09       5.20939e-04
 96.800      1.72766e+02      -2.49478e+00       1.79294e+01       1.01536e-09       5.11276e-04
 96.900      1.72607e+02      -2.73619e+00       1.81889e+01       9.97161e-10       5.01786e-04
 97.000      1.72455e+02      -2.98008e+00       1.84470e+01       9.79240e-10       4.92466e-04
 97.100      1.72308e+02      -3.22590e+00       1.87035e+01       9.61595e-10       4.83313e-04
 97.200      1.72168e+02      -3.47314e+00       1.89582e+01       9.44221e-10       4.74325e-04
 97.300      1.72034e+02      -3.72127e+00       1.92110e+01       9.27115e-10       4.65499e-04
 97.400      1.71906e+02      -3.96972e+00       1.94616e+01       9.10275e-10       4.56833e-04
 97.500      1.71785e+02      -4.21799e+00       1.97098e+01       8.93698e-10       4.48324e-04
 97.600      1.71670e+02      -4.46552e+00       1.99556e+01       8.77380e-10       4.39970e-04
 97.700      1.71562e+02      -4.71180e+00       2.01986e+01       8.61317e-10       4.31768e-04
 97.800      1.71461e+02      -4.95630e+00       2.04387e+01       8.45507e-10       4.23715e-04
 97.900      1.71367e+02      -5.19845e+00       2.06757e+01       8.29948e-10       4.15811e-04
 98.000      1.71280e+02      -5.43774e+00       2.09095e+01       8.14636e-10       4.08051e-04
 98.100      1.71200e+02      -5.67363e+00       2.11397e+01       7.99567e-10       4.00435e-04
 98.200      1.71127e+02      -5.90559e+00       2.13664e+01       7.84740e-10       3.92959e-04
 98.300      1.71061e+02      -6.13309e+00       2.15892e+01       7.70149e-10       3.85621e-04
 98.400      1.71003e+02      -6.35558e+00       2.18079e+01       7.55796e-10       3.78420e-04
 98.500      1.70952e+02      -6.57254e+00       2.20225e+01       7.41674e-10       3.71352e-04
 98.600      1.70908e+02      -6.78342e+00       2.22326e+01       7.27782e-10       3.64416e-04
 98.700      1.70873e+02      -6.98770e+00       2.24382e+01       7.14116e-10       3.57610e-04
 98.800      1.70845e+02      -7.18485e+00       2.26390e+01       7.00673e-10       3.50930e-04
 98.900      1.70825e+02      -7.37432e+00       2.28349e+01       6.87451e-10       3.44377e-04
 99.000      1.70814e+02      -7.55559e+00       2.30256e+01       6.74448e-10       3.37947e-04
 99.100      1.70810e+02      -7.72811e+00       2.32109e+01       6.61660e-10       3.31638e-04
 99.200      1.70815e+02      -7.89136e+00       2.33908e+01       6.49085e-10       3.25448e-04
 99.300      1.70828e+02      -8.04482e+00       2.35649e+01       6.36719e-10       3.19375e-04
 99.400      1.70849e+02      -8.18792e+00       2.37332e+01       6.24560e-10       3.13418e-04
 99.500      1.70880e+02      -8.32015e+00       2.38954e+01       6.12606e-10       3.07574e-04
 99.600      1.70919e+02      -8.44097e+00       2.40513e+01       6.00854e-10       3.01842e-04
 99.700      1.70967e+02      -8.54986e+00       2.42008e+01       5.89300e-10       2.96219e-04
 99.800      1.71024e+02      -8.64628e+00       2.43436e+01       5.77943e-10       2.90704e-04
 99.900      1.71090e+02      -8.72970e+00       2.44797e+01       5.66779e-10       2.85295e-04
100.000      1.71165e+02      -8.79958e+00       2.46087e+01       5.55807e-10       2.79990e-04
100.100      1.71250e+02      -8.85555e+00       2.47306e+01       5.45024e-10       2.74788e-04
100.200      1.71344e+02      -8.89781e+00       2.48454e+01       5.34427e-10       2.69686e-04
100.300      1.71448e+02      -8.92672e+00       2.49532e+01       5.24015e-10       2.64682e-04
100.400      1.71561e+02      -8.94264e+00       2.50542e+01       5.13785e-10       2.59777e-04
100.500      1.71683e+02      -8.94593e+00       2.51485e+01       5.03737e-10       2.54966e-04
100.600      1.71815e+02      -8.93695e+00       2.52362e+01       4.93866e-10       2.50249e-04
100.700      1.71955e+02      -8.91606e+00       2.53174e+01       4.84173e-10       2.45625e-04
100.800      1.72105e+02      -8.88360e+00       2.53922e+01       4.74653e-10       2.41090e-04
100.900      1.72263e+02      -8.83996e+00       2.54608e+01       4.65306e-10       2.36645e-04
101.000      1.72431e+02      -8.78548e+00       2.55232e+01       4.56129e-10       2.32287e-04
101.100      1.72607e+02      -8.72052e+00       2.55796e+01       4.47119e-10       2.28014e-04
101.200      1.72793e+02      -8.64545e+00       2.56302e+01       4.38276e-10       2.23826e-04
101.300      1.72987e+02      -8.56061e+00       2.56749e+01       4.29595e-10       2.19720e-04
101.400      1.73191e+02      -8.46639e+00       2.57140e+01       4.21076e-10       2.15695e-04
101.500      1.73403e+02      -8.36312e+00       2.57475e+01       4.12716e-10       2.11749e-04
101.600      1.73623e+02      -8.25118e+00       2.57756e+01       4.04513e-10       2.07882e-04
101.700      1.73853e+02      -8.13092e+00       2.57984e+01       3.96464e-10       2.04091e-04
101.800      1.74091e+02      -8.00270e+00       2.58160e+01       3.88567e-10       2.00376e-04
101.900      1.74338e+02      -7.86688e+00       2.58286e+01       3.80820e-10       1.96734e-04
102.000      1.74594e+02      -7.72383e+00       2.58361e+01       3.73221e-10       1.93165e-04
102.100      1.74859e+02      -7.57390e+00       2.58389e+01       3.65768e-10       1.89666e-04
102.200      1.75132e+02      -7.41746e+00       2.58369e+01       3.58458e-10       1.86237e-04
102.300      1.75413e+02      -7.25485e+00       2.58303e+01       3.51289e-10       1.82876e-04
102.400      1.75704e+02      -7.08645e+00       2.58192e+01       3.44259e-10       1.79583e-04
102.500      1.76003e+02      -6.91262e+00       2.58038e+01       3.37365e-10       1.76355e-04
102.600      1.76310e+02      -6.73372e+00       2.57841e+01       3.30606e-10       1.73192e-04
102.700      1.76626e+02      -6.55010e+00       2.57603e+01       3.23979e-10       1.70091e-04
102.800      1.76951e+02      -6.36211e+00       2.57325e+01       3.17482e-10       1.67053e-04
102.900      1.77284e+02      -6.17014e+00       2.57007e+01       3.11113e-10       1.64075e-04
103.000      1.77626e+02      -5.97453e+00       2.56652e+01       3.04870e-10       1.61157e-04
103.100      1.77976e+02      -5.77566e+00       2.56261e+01       2.98751e-10       1.58297e-04
103.200      1.78335e+02      -5.57387e+00       2.55834e+01       2.92753e-10       1.55495e-04
103.300      1.78703e+02      -5.36951e+00       2.55372e+01       2.86874e-10       1.52748e-04
103.400      1.79079e+02      -5.16297e+00       2.54878e+01       2.81113e-10       1.50057e-04
103.500      1.79463e+02      -4.95460e+00       2.54352e+01       2.75467e-10       1.47419e-04
103.600      1.79856e+02      -4.74476e+00       2.53795e+01       2.69935e-10       1.44834e-04
103.700      1.80258e+02      -4.53381e+00       2.53208e+01       2.64514e-10       1.42302e-04
103.800      1.80668e+02      -4.32209e+00       2.52593e+01       2.59202e-10       1.39819e-04
103.900      1.81087e+02      -4.10999e+00       2.51951e+01       2.53997e-10       1.37387e-04
104.000      1.81514e+02      -3.89786e+00       2.51283e+01       2.48899e-10       1.35003e-04
104.100      1.81950e+02      -3.68606e+00       2.50590e+01       2.43903e-10       1.32667e-04
104.200      1.82394e+02      -3.47494e+00       2.49873e+01       2.39009e-10       1.30377e-04
104.300      1.82847e+02      -3.26486e+00       2.49134e+01       2.34215e-10       1.28133e-04
104.400      1.83309e+02      -3.05620e+00       2.48374e+01       2.29518e-10       1.25935e-04
104.500      1.83779e+02      -2.84931e+00       2.47593e+01       2.24918e-10       1.23780e-04
104.600      1.84258e+02      -2.64454e+00       2.46794e+01       2.20412e-10       1.21669e-04
104.700      1.84745e+02      -2.44226e+00       2.45977e+01       2.15998e-10       1.19599e-04
104.800      1.85242e+02      -2.24281e+00       2.45143e+01       2.11675e-10       1.17571e-04
104.900      1.85746e+02      -2.04658e+00       2.44294e+01       2.07441e-10       1.15583e-04
105.000      1.86260e+02      -1.85392e+00       2.43430e+01       2.03294e-10       1.13635e-04
105.100      1.86782e+02      -1.66510e+00       2.42554e+01       1.99233e-10       1.11726e-04
105.200      1.87313e+02      -1.48006e+00       2.41666e+01       1.95255e-10       1.09855e-04
105.300      1.87852e+02      -1.29867e+00       2.40766e+01       1.91360e-10       1.08022e-04
105.400      1.88400e+02      -1.12081e+00       2.39857e+01       1.87546e-10       1.06224e-04
105.500      1.88957e+02      -9.46331e-01       2.38939e+01       1.83810e-10       1.04463e-04
105.600      1.89523e+02      -7.75100e-01       2.38014e+01       1.80152e-10       1.02737e-04
105.700      1.90098e+02      -6.06978e-01       2.37081e+01       1.76571e-10       1.01044e-04
105.800      1.90681e+02      -4.41818e-01       2.36144e+01       1.73063e-10       9.93857e-05
105.900      1.91273e+02      -2.79510e-01       2.35201e+01       1.69629e-10       9.77600e-05
106.000      1.91874e+02      -1.19905e-01       2.34255e+01       1.66266e-10       9.61665e-05
106.100      1.92484e+02       3.71326e-02       2.33307e+01       1.62973e-10       9.46045e-05
106.200      1.93102e+02       1.91739e-01       2.32358e+01       1.59749e-10       9.30735e-05
106.300      1.93730e+02       3.44062e-01       2.31408e+01       1.56592e-10       9.15725e-05
106.400      1.94367e+02       4.94214e-01       2.30459e+01       1.53502e-10       9.01013e-05
106.500      1.95012e+02       6.42345e-01       2.29512e+01       1.50475e-10       8.86591e-05
106.600      1.95666e+02       7.88589e-01       2.28568e+01       1.47513e-10       8.72453e-05
106.700      1.96330e+02       9.33083e-01       2.27628e+01       1.44612e-10       8.58592e-05
106.800      1.97002e+02       1.07598e+00       2.26693e+01       1.41771e-10       8.45003e-05
106.900      1.97683e+02       1.21738e+00       2.25764e+01       1.38991e-10       8.31681e-05
107.000      1.98374e+02       1.35744e+00       2.24843e+01       1.36268e-10       8.18621e-05
107.100      1.99073e+02       1.49630e+00       2.23929e+01       1.33603e-10       8.05815e-05
107.200      1.99782e+02       1.63410e+00       2.23025e+01       1.30994e-10       7.93260e-05
107.300      2.00499e+02       1.77097e+00       2.22132e+01       1.28439e-10       7.80949e-05
107.400      2.01226e+02       1.90704e+00       2.21250e+01       1.25938e-10       7.68878e-05
107.500      2.01962e+02       2.04246e+00       2.20380e+01       1.23489e-10       7.57043e-05
107.600      2.02707e+02       2.17735e+00       2.19524e+01       1.21091e-10       7.45437e-05
107.700      2.03461e+02       2.31187e+00       2.18683e+01       1.18744e-10       7.34056e-05
107.800      2.04224e+02       2.44615e+00       2.17858e+01       1.16446e-10       7.22895e-05
107.900      2.04997e+02       2.58031e+00       2.17049e+01       1.14197e-10       7.11951e-05
108.000      2.05778e+02       2.71450e+00       2.16258e+01       1.11994e-10       7.01217e-05
108.100      2.06569e+02       2.84886e+00       2.15486e+01       1.09838e-10       6.90690e-05
108.200      2.07369e+02       2.98352e+00       2.14734e+01       1.07727e-10       6.80366e-05
108.300      2.08179e+02       3.11864e+00       2.14004e+01       1.05660e-10       6.70239e-05
108.400      2.08997e+02       3.25433e+00       2.13295e+01       1.03637e-10       6.60308e-05
108.500      2.09825e+02       3.39073e+00       2.12609e+01       1.01656e-10       6.50566e-05
108.600      2.10663e+02       3.52799e+00       2.11948e+01       9.97165e-11       6.41010e-05
108.700      2.11509e+02       3.66625e+00       2.11312e+01       9.78177e-11       6.31636e-05
108.800      2.12365e+02       3.80565e+00       2.10703e+01       9.59585e-11       6.22440e-05
108.900      2.13230e+02       3.94631e+00       2.10121e+01       9.41384e-11       6.13419e-05
109.000      2.14104e+02       4.08837e+00       2.09567e+01       9.23564e-11       6.04569e-05
109.100      2.14988e+02       4.23199e+00       2.09043e+01       9.06117e-11       5.95887e-05
109.200      2.15881e+02       4.37729e+00       2.08550e+01       8.89035e-11       5.87368e-05
109.300      2.16784e+02       4.52442e+00       2.08088e+01       8.72309e-11       5.79009e-05
109.400      2.17695e+02       4.67351e+00       2.07659e+01       8.55934e-11       5.70808e-05
109.500      2.18616e+02       4.82470e+00       2.07264e+01       8.39900e-11       5.62761e-05
109.600      2.19546e+02       4.97813e+00       2.06904e+01       8.24202e-11       5.54864e-05
109.700      2.20486e+02       5.13393e+00       2.06580e+01       8.08831e-11       5.47115e-05
109.800      2.21435e+02       5.29227e+00       2.06293e+01       7.93780e-11       5.39509e-05
109.900      2.22393e+02       5.45326e+00       2.06044e+01       7.79044e-11       5.32046e-05
110.000      2.23360e+02       5.61704e+00       2.05834e+01       7.64614e-11       5.24721e-05
110.100      2.24338e+02       5.78373e+00       2.05664e+01       7.50180e-11       5.17328e-05
110.200      2.25325e+02       5.95334e+00       2.05532e+01       7.36346e-11       5.10274e-05
110.300      2.26322e+02       6.12586e+00       2.05439e+01       7.22798e-11       5.03350e-05
110.400      2.27328e+02       6.30123e+00       2.05381e+01       7.09532e-11       4.96553e-05
110.500      2.28343e+02       6.47947e+00       2.05358e+01       6.96541e-11       4.89881e-05
110.600      2.29368e+02       6.66053e+00       2.05369e+01       6.83819e-11       4.83331e-05
110.700      2.30403e+02       6.84441e+00       2.05412e+01       6.71359e-11       4.76900e-05
110.800      2.31447e+02       7.03110e+00       2.05486e+01       6.59156e-11       4.70586e-05
110.900      2.32500e+02       7.22055e+00       2.05589e+01       6.47204e-11       4.64387e-05
111.000      2.33564e+02       7.41276e+00       2.05720e+01       6.35499e-11       4.58300e-05
111.100      2.34637e+02       7.60769e+00       2.05878e+01       6.24034e-11       4.52323e-05
111.200      2.35720e+02       7.80535e+00       2.06062e+01       6.12804e-11       4.46454e-05
111.300      2.36812e+02       8.00571e+00       2.06269e+01       6.01803e-11       4.40690e-05
111.400      2.37915e+02       8.20874e+00       2.06500e+01       5.91028e-11       4.35030e-05
111.500      2.39027e+02       8.41442e+00       2.06752e+01       5.80473e-11       4.29471e-05
111.600      2.40149e+02       8.62275e+00       2.07023e+01       5.70133e-11       4.24011e-05
111.700      2.41281e+02       8.83369e+00       2.07314e+01       5.60004e-11       4.18648e-05
111.800      2.42423e+02       9.04725e+00       2.07622e+01       5.50080e-11       4.13380e-05
111.900      2.43575e+02       9.26337e+00       2.07946e+01       5.40358e-11       4.08205e-05
112.000      2.44736e+02       9.48206e+00       2.08284e+01       5.30834e-11       4.03122e-05
112.100      2.45908e+02       9.70330e+00       2.08636e+01       5.21502e-11       3.98128e-05
112.200      2.47090e+02       9.92707e+00       2.09000e+01       5.12358e-11       3.93222e-05
112.300      2.48282e+02       1.01534e+01       2.09374e+01       5.03399e-11       3.88401e-05
112.400      2.49484e+02       1.03821e+01       2.09758e+01       4.94621e-11       3.83665e-05
112.500      2.50696e+02       1.06134e+01       2.10150e+01       4.86019e-11       3.79012e-05
112.600      2.51918e+02       1.08471e+01       2.10548e+01       4.77590e-11       3.74439e-05
112.700      2.53150e+02       1.10832e+01       2.10952e+01       4.69331e-11       3.69945e-05
112.800      2.54392e+02       1.13218e+01       2.11359e+01       4.61236e-11       3.65528e-05
112.900      2.55644e+02       1.15627e+01       2.11769e+01       4.53304e-11       3.61188e-05
113.000      2.56907e+02       1.18061e+01       2.12181e+01       4.45530e-11       3.56922e-05
113.100      2.58179e+02       1.20518e+01       2.12592e+01       4.37911e-11       3.52730e-05
113.200      2.59462e+02       1.22999e+01       2.13001e+01       4.30444e-11       3.48608e-05
113.300      2.60755e+02       1.25503e+01       2.13408e+01       4.23125e-11       3.44557e-05
113.400      2.62058e+02       1.28031e+01       2.13811e+01       4.15952e-11       3.40575e-05
113.500      2.63370e+02       1.30581e+01       2.14208e+01       4.08921e-11       3.36660e-05
113.600      2.64693e+02       1.33155e+01       2.14598e+01       4.02028e-11       3.32811e-05
113.700      2.66026e+02       1.35751e+01       2.14980e+01       3.95273e-11       3.29026e-05
113.800      2.67369e+02       1.38369e+01       2.15352e+01       3.88650e-11       3.25305e-05
113.900      2.68722e+02       1.41011e+01       2.15714e+01       3.82158e-11       3.21647e-05
114.000      2.70085e+02       1.43674e+01       2.16063e+01       3.75794e-11       3.18049e-05
114.100      2.71458e+02       1.46359e+01       2.16398e+01       3.69555e-11       3.14511e-05
114.200      2.72841e+02       1.49067e+01       2.16719e+01       3.63438e-11       3.11031e-05
114.300      2.74233e+02       1.51796e+01       2.17023e+01       3.57441e-11       3.07609e-05
114.400      2.75636e+02       1.54547e+01       2.17310e+01       3.51562e-11       3.04243e-05
114.500      2.77048e+02       1.57319e+01       2.17577e+01       3.45797e-11       3.00933e-05
114.600      2.78470e+02       1.60113e+01       2.17825e+01       3.40145e-11       2.97677e-05
114.700      2.79901e+02       1.62928e+01       2.18050e+01       3.34603e-11       2.94473e-05
114.800      2.81342e+02       1.65764e+01       2.18253e+01       3.29169e-11       2.91322e-05
114.900      2.82793e+02       1.68621e+01       2.18431e+01       3.23840e-11       2.88221e-05
115.000      2.84253e+02       1.71498e+01       2.18583e+01       3.18615e-11       2.85171e-05
115.100      2.85722e+02       1.74396e+01       2.18708e+01       3.13491e-11       2.82170e-05
115.200      2.87200e+02       1.77315e+01       2.18804e+01       3.08466e-11       2.79217e-05
115.300      2.88688e+02       1.80254e+01       2.18871e+01       3.03538e-11       2.76310e-05
115.400      2.90185e+02       1.83213e+01       2.18907e+01       2.98706e-11       2.73450e-05
115.500      2.91690e+02       1.86193e+01       2.18910e+01       2.93966e-11       2.70636e-05
115.600      2.93205e+02       1.89192e+01       2.18879e+01       2.89318e-11       2.67866e-05
115.700      2.94728e+02       1.92210e+01       2.18813e+01       2.84759e-11       2.65140e-05
115.800      2.96259e+02       1.95249e+01       2.18711e+01       2.80288e-11       2.62456e-05
115.900      2.97799e+02       1.98307e+01       2.18570e+01       2.75902e-11       2.59814e-05
116.000      2.99348e+02       2.01384e+01       2.18390e+01       2.71601e-11       2.57214e-05
116.100      3.00904e+02       2.04481e+01       2.18170e+01       2.67382e-11       2.54654e-05
116.200      3.02469e+02       2.07596e+01       2.17908e+01       2.63243e-11       2.52133e-05
116.300      3.04042e+02       2.10731e+01       2.17602e+01       2.59183e-11       2.49651e-05
116.400      3.05622e+02       2.13884e+01       2.17251e+01       2.55201e-11       2.47208e-05
116.500      3.07209e+02       2.17056e+01       2.16855e+01       2.51295e-11       2.44802e-05
116.600      3.08804e+02       2.20246e+01       2.16411e+01       2.47463e-11       2.42432e-05
116.700      3.10406e+02       2.23455e+01       2.15919e+01       2.43704e-11       2.40099e-05
116.800      3.12015e+02       2.26682e+01       2.15376e+01       2.40016e-11       2.37800e-05
116.900      3.13630e+02       2.29927e+01       2.14782e+01       2.36399e-11       2.35536e-05
117.000      3.15252e+02       2.33189e+01       2.14135e+01       2.32850e-11       2.33307e-05
117.100      3.16880e+02       2.36470e+01       2.13434e+01       2.29368e-11       2.31110e-05
117.200      3.18514e+02       2.39768e+01       2.12678e+01       2.25952e-11       2.28946e-05
117.300      3.20154e+02       2.43084e+01       2.11864e+01       2.22601e-11       2.26814e-05
117.400      3.21799e+02       2.46416e+01       2.10993e+01       2.19313e-11       2.24714e-05
117.500      3.23449e+02       2.49766e+01       2.10062e+01       2.16087e-11       2.22644e-05
117.600      3.25104e+02       2.53133e+01       2.09070e+01       2.12922e-11       2.20605e-05
117.700      3.26764e+02       2.56517e+01       2.08019e+01       2.09816e-11       2.18596e-05
117.800      3.28428e+02       2.59917e+01       2.06908e+01       2.06769e-11       2.16615e-05
117.900      3.30097e+02       2.63332e+01       2.05739e+01       2.03780e-11       2.14663e-05
118.000      3.31768e+02       2.66763e+01       2.04513e+01       2.00847e-11       2.12739e-05
118.100      3.33443e+02       2.70209e+01       2.03230e+01       1.97969e-11       2.10843e-05
118.200      3.35121e+02       2.73670e+01       2.01891e+01       1.95145e-11       2.08974e-05
118.300      3.36802e+02       2.77146e+01       2.00498e+01       1.92374e-11       2.07131e-05
118.400      3.38484e+02       2.80635e+01       1.99051e+01       1.89656e-11       2.05314e-05
118.500      3.40169e+02       2.84138e+01       1.97551e+01       1.86988e-11       2.03523e-05
118.600      3.41855e+02       2.87654e+01       1.95999e+01       1.84371e-11       2.01756e-05
118.700      3.43541e+02       2.91183e+01       1.94395e+01       1.81802e-11       2.00015e-05
118.800      3.45229e+02       2.94724e+01       1.92741e+01       1.79282e-11       1.98297e-05
118.900      3.46916e+02       2.98278e+01       1.91038e+01       1.76809e-11       1.96603e-05
119.000      3.48604e+02       3.01842e+01       1.89286e+01       1.74383e-11       1.94932e-05
119.100      3.50290e+02       3.05418e+01       1.87486e+01       1.72002e-11       1.93284e-05
119.200      3.51975e+02       3.09005e+01       1.85639e+01       1.69666e-11       1.91658e-05
119.300      3.53659e+02       3.12602e+01       1.83747e+01       1.67373e-11       1.90054e-05
119.400      3.55340e+02       3.16209e+01       1.81809e+01       1.65124e-11       1.88472e-05
119.500      3.57018e+02       3.19825e+01       1.79827e+01       1.62917e-11       1.86911e-05
119.600      3.58693e+02       3.23450e+01       1.77802e+01       1.60752e-11       1.85370e-05
119.700      3.60365e+02       3.27084e+01       1.75734e+01       1.58627e-11       1.83850e-05
119.800      3.62032e+02       3.30726e+01       1.73625e+01       1.56542e-11       1.82350e-05
119.900      3.63694e+02       3.34375e+01       1.71475e+01       1.54496e-11       1.80869e-05
120.000      3.65350e+02       3.38031e+01       1.69285e+01       1.52489e-11       1.79408e-05
120.100      3.67000e+02       3.41694e+01       1.67056e+01       1.50520e-11       1.77965e-05
120.200      3.68644e+02       3.45363e+01       1.64790e+01       1.48588e-11       1.76541e-05
120.300      3.70280e+02       3.49038e+01       1.62486e+01       1.46692e-11       1.75135e-05
120.400      3.71908e+02       3.52718e+01       1.60146e+01       1.44832e-11       1.73746e-05
120.500      3.73527e+02       3.56402e+01       1.57770e+01       1.43007e-11       1.72375e-05
120.600      3.75138e+02       3.60090e+01       1.55361e+01       1.41217e-11       1.71022e-05
120.700      3.76738e+02       3.63782e+01       1.52917e+01       1.39461e-11       1.69685e-05
120.800      3.78328e+02       3.67478e+01       1.50441e+01       1.37738e-11       1.68364e-05
120.900      3.79906e+02       3.71175e+01       1.47933e+01       1.36047e-11       1.67060e-05
121.000      3.81472e+02       3.74874e+01       1.45395e+01       1.34389e-11       1.65771e-05
121.100      3.83025e+02       3.78575e+01       1.42826e+01       1.32762e-11       1.64498e-05
121.200      3.84565e+02       3.82276e+01       1.40228e+01       1.31167e-11       1.63241e-05
121.300      3.86091e+02       3.85978e+01       1.37602e+01       1.29601e-11       1.61998e-05
121.400      3.87602e+02       3.89679e+01       1.34949e+01       1.28066e-11       1.60770e-05
121.500      3.89097e+02       3.93379e+01       1.32270e+01       1.26560e-11       1.59556e-05
121.600      3.90575e+02       3.97077e+01       1.29565e+01       1.25083e-11       1.58357e-05
121.700      3.92037e+02       4.00773e+01       1.26836e+01       1.23635e-11       1.57171e-05
121.800      3.93480e+02       4.04466e+01       1.24082e+01       1.22214e-11       1.55999e-05
121.900      3.94904e+02       4.08155e+01       1.21307e+01       1.20821e-11       1.54840e-05
122.000      3.96309e+02       4.11840e+01       1.18509e+01       1.19454e-11       1.53695e-05
122.100      3.97693e+02       4.15520e+01       1.15690e+01       1.18115e-11       1.52562e-05
122.200      3.99056e+02       4.19195e+01       1.12852e+01       1.16801e-11       1.51442e-05
122.300      4.00398e+02       4.22863e+01       1.09994e+01       1.15512e-11       1.50334e-05
122.400      4.01716e+02       4.26525e+01       1.07118e+01       1.14249e-11       1.49238e-05
122.500      4.03010e+02       4.30178e+01       1.04225e+01       1.13011e-11       1.48154e-05
122.600      4.04280e+02       4.33824e+01       1.01316e+01       1.11797e-11       1.47082e-05
122.700      4.05525e+02       4.37460e+01       9.83913e+00       1.10607e-11       1.46021e-05
122.800      4.06744e+02       4.41087e+01       9.54518e+00       1.09440e-11       1.44971e-05
122.900      4.07935e+02       4.44703e+01       9.24990e+00       1.08297e-11       1.43932e-05
123.000      4.09099e+02       4.48307e+01       8.95335e+00       1.07176e-11       1.42904e-05
123.100      4.10234e+02       4.51900e+01       8.65563e+00       1.06077e-11       1.41886e-05
123.200      4.11339e+02       4.55479e+01       8.35683e+00       1.05001e-11       1.40879e-05
123.300      4.12415e+02       4.59046e+01       8.05701e+00       1.03946e-11       1.39882e-05
123.400      4.13459e+02       4.62597e+01       7.75632e+00       1.02912e-11       1.38894e-05
123.500      4.14477e+02       4.66134e+01       7.45483e+00       1.01898e-11       1.37917e-05
123.600      4.15491e+02       4.69655e+01       7.15263e+00       1.00897e-11       1.36949e-05
123.700      4.16502e+02       4.73158e+01       6.84981e+00       9.99095e-12       1.35990e-05
123.800      4.17510e+02       4.76645e+01       6.54644e+00       9.89348e-12       1.35041e-05
123.900      4.18516e+02       4.80113e+01       6.24267e+00       9.79728e-12       1.34101e-05
124.000      4.19518e+02       4.83562e+01       5.93855e+00       9.70234e-12       1.33170e-05
124.100      4.20518e+02       4.86991e+01       5.63419e+00       9.60862e-12       1.32248e-05
124.200      4.21515e+02       4.90399e+01       5.32967e+00       9.51611e-12       1.31335e-05
124.300      4.22509e+02       4.93786e+01       5.02507e+00       9.42478e-12       1.30430e-05
124.400      4.23500e+02       4.97150e+01       4.72053e+00       9.33462e-12       1.29534e-05
124.500      4.24489e+02       5.00491e+01       4.41612e+00       9.24561e-12       1.28647e-05
124.600      4.25475e+02       5.03808e+01       4.11192e+00       9.15773e-12       1.27768e-05
124.700      4.26458e+02       5.07100e+01       3.80804e+00       9.07097e-12       1.26897e-05
124.800      4.27438e+02       5.10366e+01       3.50454e+00       8.98529e-12       1.26034e-05
124.900      4.28415e+02       5.13605e+01       3.20157e+00       8.90070e-12       1.25180e-05
125.000      4.29390e+02       5.16817e+01       2.89918e+00       8.81717e-12       1.24334e-05
125.100      4.30362e+02       5.20001e+01       2.59749e+00       8.73468e-12       1.23495e-05
125.200      4.31331e+02       5.23155e+01       2.29657e+00       8.65322e-12       1.22664e-05
125.300      4.32298e+02       5.26280e+01       1.99651e+00       8.57276e-12       1.21841e-05
125.400      4.33262e+02       5.29373e+01       1.69743e+00       8.49331e-12       1.21026e-05
125.500      4.34223e+02       5.32435e+01       1.39942e+00       8.41483e-12       1.20218e-05
125.600      4.35181e+02       5.35465e+01       1.10256e+00       8.33732e-12       1.19417e-05
125.700      4.36137e+02       5.38461e+01       8.06945e-01       8.26076e-12       1.18624e-05
125.800      4.37090e+02       5.41423e+01       5.12648e-01       8.18512e-12       1.17838e-05
125.900      4.38040e+02       5.44350e+01       2.19808e-01       8.11042e-12       1.17059e-05
126.000      4.38988e+02       5.47241e+01      -7.15066e-02       8.03662e-12       1.16287e-05
126.100      4.39933e+02       5.50095e+01      -3.61201e-01       7.96371e-12       1.15523e-05
126.200      4.40875e+02       5.52912e+01      -6.49183e-01       7.89168e-12       1.14765e-05
126.300      4.41815e+02       5.55691e+01      -9.35382e-01       7.82051e-12       1.14014e-05
126.400      4.42752e+02       5.58431e+01      -1.21966e+00       7.75020e-12       1.13269e-05
126.500      4.43687e+02       5.61130e+01      -1.50195e+00       7.68073e-12       1.12532e-05
126.600      4.44618e+02       5.63789e+01      -1.78215e+00       7.61209e-12       1.11801e-05
126.700      4.45548e+02       5.66407e+01      -2.06017e+00       7.54426e-12       1.11076e-05
126.800      4.46474e+02       5.68982e+01      -2.33595e+00       7.47722e-12       1.10358e-05
126.900      4.47398e+02       5.71515e+01      -2.60934e+00       7.41099e-12       1.09646e-05
127.000      4.48320e+02       5.74003e+01      -2.88028e+00       7.34553e-12       1.08940e-05
127.100      4.49239e+02       5.76447e+01      -3.14868e+00       7.28084e-12       1.08241e-05
127.200      4.50155e+02       5.78845e+01      -3.41443e+00       7.21690e-12       1.07548e-05
127.300      4.51069e+02       5.81198e+01      -3.67747e+00       7.15370e-12       1.06861e-05
127.400      4.51980e+02       5.83503e+01      -3.93767e+00       7.09125e-12       1.06180e-05
127.500      4.52888e+02       5.85762e+01      -4.19495e+00       7.02951e-12       1.05504e-05
127.600      4.53794e+02       5.87971e+01      -4.44923e+00       6.96849e-12       1.04835e-05
127.700      4.54698e+02       5.90132e+01      -4.70041e+00       6.90817e-12       1.04171e-05
127.800      4.55599e+02       5.92244e+01      -4.94842e+00       6.84854e-12       1.03514e-05
127.900      4.56497e+02       5.94305e+01      -5.19312e+00       6.78960e-12       1.02861e-05
128.000      4.57393e+02       5.96315e+01      -5.43446e+00       6.73132e-12       1.02215e-05
128.100      4.58286e+02       5.98273e+01      -5.67234e+00       6.67371e-12       1.01574e-05
128.200      4.59177e+02       6.00178e+01      -5.90664e+00       6.61675e-12       1.00938e-05
128.300      4.60066e+02       6.02031e+01      -6.13732e+00       6.56043e-12       1.00308e-05
128.400      4.60952e+02       6.03830e+01      -6.36424e+00       6.50476e-12       9.96829e-06
128.500      4.61835e+02       6.05575e+01      -6.58736e+00       6.44970e-12       9.90633e-06
128.600      4.62716e+02       6.07265e+01      -6.80656e+00       6.39526e-12       9.84489e-06
128.700      4.63594e+02       6.08899e+01      -7.02171e+00       6.34144e-12       9.78398e-06
128.800      4.64470e+02       6.10478e+01      -7.23281e+00       6.28820e-12       9.72357e-06
128.900      4.65344e+02       6.11999e+01      -7.43968e+00       6.23557e-12       9.66368e-06
129.000      4.66215e+02       6.13463e+01      -7.64230e+00       6.18351e-12       9.60427e-06
129.100      4.67084e+02       6.14869e+01      -7.84055e+00       6.13203e-12       9.54536e-06
129.200      4.67950e+02       6.16217e+01      -8.03431e+00       6.08112e-12       9.48695e-06
129.300      4.68814e+02       6.17505e+01      -8.22355e+00       6.03076e-12       9.42902e-06
129.400      4.69675e+02       6.18734e+01      -8.40812e+00       5.98096e-12       9.37157e-06
129.500      4.70534e+02       6.19903e+01      -8.58800e+00       5.93169e-12       9.31458e-06
129.600      4.71390e+02       6.21011e+01      -8.76305e+00       5.88296e-12       9.25807e-06
129.700      4.72245e+02       6.22058e+01      -8.93317e+00       5.83477e-12       9.20203e-06
129.800      4.73096e+02       6.23044e+01      -9.09832e+00       5.78709e-12       9.14643e-06
129.900      4.73946e+02       6.23966e+01      -9.25836e+00       5.73994e-12       9.09130e-06
130.000      4.74793e+02       6.24827e+01      -9.41325e+00       5.69328e-12       9.03661e-06
130.100      4.75637e+02       6.25624e+01      -9.56290e+00       5.64713e-12       8.98237e-06
130.200      4.76479e+02       6.26359e+01      -9.70732e+00       5.60147e-12       8.92856e-06
130.300      4.77319e+02       6.27032e+01      -9.84664e+00       5.55630e-12       8.87519e-06
130.400      4.78157e+02       6.27645e+01      -9.98086e+00       5.51161e-12       8.82226e-06
130.500      4.78992e+02       6.28199e+01      -1.01101e+01       5.46739e-12       8.76974e-06
130.600      4.79825e+02       6.28693e+01      -1.02344e+01       5.42364e-12       8.71764e-06
130.700      4.80655e+02       6.29130e+01      -1.03538e+01       5.38036e-12       8.66597e-06
130.800      4.81483e+02       6.29510e+01      -1.04684e+01       5.33752e-12       8.61470e-06
130.900      4.82309e+02       6.29834e+01      -1.05783e+01       5.29514e-12       8.56385e-06
131.000      4.83133e+02       6.30103e+01      -1.06834e+01       5.25320e-12       8.51340e-06
131.100      4.83954e+02       6.30319e+01      -1.07840e+01       5.21170e-12       8.46334e-06
131.200      4.84773e+02       6.30481e+01      -1.08800e+01       5.17064e-12       8.41369e-06
131.300      4.85590e+02       6.30591e+01      -1.09715e+01       5.12999e-12       8.36442e-06
131.400      4.86404e+02       6.30650e+01      -1.10586e+01       5.08977e-12       8.31555e-06
131.500      4.87216e+02       6.30659e+01      -1.11414e+01       5.04996e-12       8.26705e-06
131.600      4.88026e+02       6.30619e+01      -1.12198e+01       5.01056e-12       8.21893e-06
131.700      4.88833e+02       6.30530e+01      -1.12941e+01       4.97158e-12       8.17119e-06
131.800      4.89638e+02       6.30394e+01      -1.13642e+01       4.93298e-12       8.12382e-06
131.900      4.90441e+02       6.30213e+01      -1.14301e+01       4.89479e-12       8.07683e-06
132.000      4.91242e+02       6.29986e+01      -1.14921e+01       4.85698e-12       8.03019e-06
132.100      4.92041e+02       6.29714e+01      -1.15501e+01       4.81955e-12       7.98391e-06
132.200      4.92837e+02       6.29400e+01      -1.16042e+01       4.78251e-12       7.93800e-06
132.300      4.93631e+02       6.29043e+01      -1.16545e+01       4.74583e-12       7.89243e-06
132.400      4.94423e+02       6.28646e+01      -1.17010e+01       4.70953e-12       7.84722e-06
132.500      4.95212e+02       6.28208e+01      -1.17438e+01       4.67360e-12       7.80235e-06
132.600      4.96000e+02       6.27730e+01      -1.17830e+01       4.63802e-12       7.75782e-06
132.700      4.96785e+02       6.27215e+01      -1.18186e+01       4.60280e-12       7.71364e-06
132.800      4.97568e+02       6.26663e+01      -1.18507e+01       4.56793e-12       7.66978e-06
132.900      4.98348e+02       6.26074e+01      -1.18794e+01       4.53341e-12       7.62627e-06
133.000      4.99127e+02       6.25451e+01      -1.19047e+01       4.49923e-12       7.58308e-06
133.100      4.99904e+02       6.24793e+01      -1.19267e+01       4.46539e-12       7.54022e-06
133.200      5.00678e+02       6.24103e+01      -1.19455e+01       4.43188e-12       7.49768e-06
133.300      5.01450e+02       6.23380e+01      -1.19611e+01       4.39870e-12       7.45546e-06
133.400      5.02220e+02       6.22626e+01      -1.19736e+01       4.36586e-12       7.41356e-06
133.500      5.02987e+02       6.21843e+01      -1.19831e+01       4.33333e-12       7.37198e-06
133.600      5.03753e+02       6.21030e+01      -1.19896e+01       4.30111e-12       7.33070e-06
133.700      5.04516e+02       6.20190e+01      -1.19932e+01       4.26922e-12       7.28973e-06
133.800      5.05278e+02       6.19322e+01      -1.19940e+01       4.23763e-12       7.24906e-06
133.900      5.06037e+02       6.18429e+01      -1.19920e+01       4.20635e-12       7.20870e-06
134.000      5.06794e+02       6.17511e+01      -1.19873e+01       4.17537e-12       7.16864e-06
134.100      5.07549e+02       6.16570e+01      -1.19799e+01       4.14469e-12       7.12887e-06
134.200      5.08302e+02       6.15605e+01      -1.19700e+01       4.11431e-12       7.08939e-06
134.300      5.09052e+02       6.14619e+01      -1.19575e+01       4.08422e-12       7.05021e-06
134.400      5.09801e+02       6.13613e+01      -1.19427e+01       4.05442e-12       7.01131e-06
134.500      5.10547e+02       6.12586e+01      -1.19254e+01       4.02490e-12       6.97270e-06
134.600      5.11292e+02       6.11541e+01      -1.19058e+01       3.99566e-12       6.93437e-06
134.700      5.12034e+02       6.10479e+01      -1.18840e+01       3.96670e-12       6.89632e-06
134.800      5.12775e+02       6.09400e+01      -1.18600e+01       3.93802e-12       6.85854e-06
134.900      5.13513e+02       6.08305e+01      -1.18340e+01       3.90961e-12       6.82105e-06
135.000      5.14249e+02       6.07196e+01      -1.18058e+01       3.88146e-12       6.78382e-06
135.100      5.14983e+02       6.06073e+01      -1.17757e+01       3.85358e-12       6.74686e-06
135.200      5.15715e+02       6.04939e+01      -1.17437e+01       3.82596e-12       6.71017e-06
135.300      5.16445e+02       6.03792e+01      -1.17098e+01       3.79860e-12       6.67374e-06
135.400      5.17173e+02       6.02636e+01      -1.16742e+01       3.77150e-12       6.63757e-06
135.500      5.17899e+02       6.01470e+01      -1.16368e+01       3.74465e-12       6.60167e-06
135.600      5.18622e+02       6.00295e+01      -1.15978e+01       3.71805e-12       6.56601e-06
135.700      5.19344e+02       5.99114e+01      -1.15572e+01       3.69169e-12       6.53062e-06
135.800      5.20064e+02       5.97926e+01      -1.15151e+01       3.66558e-12       6.49547e-06
135.900      5.20782e+02       5.96733e+01      -1.14715e+01       3.63972e-12       6.46058e-06
136.000      5.21498e+02       5.95536e+01      -1.14266e+01       3.61409e-12       6.42593e-06
136.100      5.22211e+02       5.94335e+01      -1.13803e+01       3.58869e-12       6.39153e-06
136.200      5.22923e+02       5.93133e+01      -1.13328e+01       3.56353e-12       6.35737e-06
136.300      5.23633e+02       5.91929e+01      -1.12842e+01       3.53859e-12       6.32345e-06
136.400      5.24341e+02       5.90725e+01      -1.12343e+01       3.51389e-12       6.28978e-06
136.500      5.25047e+02       5.89522e+01      -1.11835e+01       3.48941e-12       6.25633e-06
136.600      5.25750e+02       5.88321e+01      -1.11316e+01       3.46515e-12       6.22312e-06
136.700      5.26452e+02       5.87123e+01      -1.10789e+01       3.44112e-12       6.19015e-06
136.800      5.27152e+02       5.85929e+01      -1.10252e+01       3.41730e-12       6.15740e-06
136.900      5.27850e+02       5.84739e+01      -1.09708e+01       3.39369e-12       6.12488e-06
137.000      5.28546e+02       5.83556e+01      -1.09157e+01       3.37030e-12       6.09259e-06
137.100      5.29240e+02       5.82379e+01      -1.08599e+01       3.34712e-12       6.06052e-06
137.200      5.29932e+02       5.81211e+01      -1.08035e+01       3.32414e-12       6.02867e-06
137.300      5.30622e+02       5.80051e+01      -1.07466e+01       3.30137e-12       5.99704e-06
137.400      5.31311e+02       5.78902e+01      -1.06892e+01       3.27881e-12       5.96564e-06
137.500      5.31997e+02       5.77763e+01      -1.06315e+01       3.25644e-12       5.93444e-06
137.600      5.32681e+02       5.76636e+01      -1.05734e+01       3.23428e-12       5.90346e-06
137.700      5.33364e+02       5.75523e+01      -1.05150e+01       3.21231e-12       5.87270e-06
137.800      5.34044e+02       5.74423e+01      -1.04565e+01       3.19053e-12       5.84214e-06
137.900      5.34723e+02       5.73338e+01      -1.03978e+01       3.16895e-12       5.81179e-06
138.000      5.35400e+02       5.72269e+01      -1.03390e+01       3.14755e-12       5.78165e-06
138.100      5.36075e+02       5.71217e+01      -1.02803e+01       3.12634e-12       5.75171e-06
138.200      5.36748e+02       5.70183e+01      -1.02216e+01       3.10532e-12       5.72198e-06
138.300      5.37419e+02       5.69168e+01      -1.01630e+01       3.08448e-12       5.69245e-06
138.400      5.38088e+02       5.68173e+01      -1.01047e+01       3.06383e-12       5.66312e-06
138.500      5.38755e+02       5.67199e+01      -1.00466e+01       3.04335e-12       5.63398e-06
138.600      5.39421e+02       5.66247e+01      -9.98884e+00       3.02305e-12       5.60504e-06
138.700      5.40084e+02       5.65317e+01      -9.93148e+00       3.00293e-12       5.57630e-06
138.800      5.40746e+02       5.64412e+01      -9.87457e+00       2.98298e-12       5.54774e-06
138.900      5.41406e+02       5.63531e+01      -9.81819e+00       2.96321e-12       5.51939e-06
139.000      5.42064e+02       5.62676e+01      -9.76239e+00       2.94360e-12       5.49121e-06
139.100      5.42721e+02       5.61848e+01      -9.70726e+00       2.92416e-12       5.46323e-06
139.200      5.43375e+02       5.61047e+01      -9.65285e+00       2.90489e-12       5.43543e-06
139.300      5.44027e+02       5.60276e+01      -9.59922e+00       2.88578e-12       5.40782e-06
139.400      5.44678e+02       5.59534e+01      -9.54645e+00       2.86684e-12       5.38039e-06
139.500      5.45327e+02       5.58823e+01      -9.49459e+00       2.84805e-12       5.35314e-06
139.600      5.45974e+02       5.58143e+01      -9.44372e+00       2.82943e-12       5.32607e-06
139.700      5.46620e+02       5.57496e+01      -9.39390e+00       2.81097e-12       5.29918e-06
139.800      5.47263e+02       5.56883e+01      -9.34519e+00       2.79265e-12       5.27247e-06
139.900      5.47905e+02       5.56305e+01      -9.29766e+00       2.77450e-12       5.24593e-06
140.000      5.48545e+02       5.55761e+01      -9.25138e+00       2.75650e-12       5.21957e-06
140.100      5.49183e+02       5.55255e+01      -9.20639e+00       2.73864e-12       5.19337e-06
140.200      5.49819e+02       5.54784e+01      -9.16269e+00       2.72094e-12       5.16736e-06
140.300      5.50454e+02       5.54349e+01      -9.12025e+00       2.70339e-12       5.14150e-06
140.400      5.51086e+02       5.53950e+01      -9.07906e+00       2.68598e-12       5.11582e-06
140.500      5.51718e+02       5.53585e+01      -9.03908e+00       2.66872e-12       5.09030e-06
140.600      5.52347e+02       5.53255e+01      -9.00029e+00       2.65160e-12       5.06495e-06
140.700      5.52974e+02       5.52960e+01      -8.96268e+00       2.63462e-12       5.03977e-06
140.800      5.53600e+02       5.52698e+01      -8.92621e+00       2.61779e-12       5.01474e-06
140.900      5.54224e+02       5.52469e+01      -8.89087e+00       2.60109e-12       4.98988e-06
141.000      5.54846e+02       5.52274e+01      -8.85662e+00       2.58453e-12       4.96518e-06
141.100      5.55467e+02       5.52111e+01      -8.82345e+00       2.56811e-12       4.94063e-06
141.200      5.56086e+02       5.51980e+01      -8.79134e+00       2.55182e-12       4.91624e-06
141.300      5.56703e+02       5.51881e+01      -8.76025e+00       2.53566e-12       4.89201e-06
141.400      5.57318e+02       5.51814e+01      -8.73017e+00       2.51964e-12       4.86794e-06
141.500      5.57932e+02       5.51778e+01      -8.70107e+00       2.50375e-12       4.84401e-06
141.600      5.58543e+02       5.51772e+01      -8.67293e+00       2.48798e-12       4.82024e-06
141.700      5.59154e+02       5.51797e+01      -8.64573e+00       2.47235e-12       4.79662e-06
141.800      5.59762e+02       5.51851e+01      -8.61944e+00       2.45684e-12       4.77315e-06
141.900      5.60369e+02       5.51935e+01      -8.59404e+00       2.44145e-12       4.74983e-06
142.000      5.60974e+02       5.52048e+01      -8.56950e+00       2.42620e-12       4.72666e-06
142.100      5.61577e+02       5.52189e+01      -8.54580e+00       2.41106e-12       4.70363e-06
142.200      5.62179e+02       5.52359e+01      -8.52292e+00       2.39604e-12       4.68075e-06
142.300      5.62779e+02       5.52557e+01      -8.50084e+00       2.38115e-12       4.65801e-06
142.400      5.63377e+02       5.52781e+01      -8.47952e+00       2.36637e-12       4.63541e-06
142.500      5.63974e+02       5.53033e+01      -8.45895e+00       2.35172e-12       4.61296e-06
142.600      5.64569e+02       5.53312e+01      -8.43911e+00       2.33718e-12       4.59064e-06
142.700      5.65162e+02       5.53617e+01      -8.41996e+00       2.32275e-12       4.56847e-06
142.800      5.65754e+02       5.53947e+01      -8.40149e+00       2.30844e-12       4.54643e-06
142.900      5.66344e+02       5.54303e+01      -8.38368e+00       2.29425e-12       4.52453e-06
143.000      5.66933e+02       5.54684e+01      -8.36648e+00       2.28016e-12       4.50277e-06
143.100      5.67519e+02       5.55090e+01      -8.34990e+00       2.26619e-12       4.48114e-06
143.200      5.68104e+02       5.55519e+01      -8.33390e+00       2.25233e-12       4.45965e-06
143.300      5.68688e+02       5.55972e+01      -8.31845e+00       2.23857e-12       4.43828e-06
143.400      5.69270e+02       5.56449e+01      -8.30354e+00       2.22493e-12       4.41706e-06
143.500      5.69850e+02       5.56948e+01      -8.28913e+00       2.21139e-12       4.39595e-06
143.600      5.70429e+02       5.57470e+01      -8.27522e+00       2.19795e-12       4.37498e-06
143.700      5.71006e+02       5.58014e+01      -8.26176e+00       2.18463e-12       4.35414e-06
143.800      5.71581e+02       5.58580e+01      -8.24874e+00       2.17140e-12       4.33343e-06
143.900      5.72155e+02       5.59167e+01      -8.23615e+00       2.15828e-12       4.31284e-06
144.000      5.72727e+02       5.59775e+01      -8.22393e+00       2.14526e-12       4.29238e-06
144.100      5.73298e+02       5.60403e+01      -8.21209e+00       2.13234e-12       4.27204e-06
144.200      5.73867e+02       5.61051e+01      -8.20059e+00       2.11952e-12       4.25183e-06
144.300      5.74434e+02       5.61719e+01      -8.18941e+00       2.10680e-12       4.23174e-06
144.400      5.75000e+02       5.62405e+01      -8.17853e+00       2.09417e-12       4.21177e-06
144.500      5.75564e+02       5.63111e+01      -8.16792e+00       2.08165e-12       4.19193e-06
144.600      5.76127e+02       5.63835e+01      -8.15756e+00       2.06922e-12       4.17220e-06
144.700      5.76688e+02       5.64576e+01      -8.14742e+00       2.05688e-12       4.15259e-06
144.800      5.77247e+02       5.65335e+01      -8.13749e+00       2.04464e-12       4.13310e-06
144.900      5.77805e+02       5.66112e+01      -8.12773e+00       2.03250e-12       4.11373e-06
145.000      5.78362e+02       5.66904e+01      -8.11812e+00       2.02044e-12       4.09447e-06
145.100      5.78916e+02       5.67713e+01      -8.10864e+00       2.00848e-12       4.07533e-06
145.200      5.79470e+02       5.68538e+01      -8.09927e+00       1.99660e-12       4.05630e-06
145.300      5.80021e+02       5.69378e+01      -8.08998e+00       1.98482e-12       4.03739e-06
145.400      5.80572e+02       5.70233e+01      -8.08075e+00       1.97313e-12       4.01859e-06
145.500      5.81120e+02       5.71103e+01      -8.07155e+00       1.96152e-12       3.99990e-06
145.600      5.81668e+02       5.71986e+01      -8.06237e+00       1.95000e-12       3.98132e-06
145.700      5.82213e+02       5.72883e+01      -8.05317e+00       1.93857e-12       3.96286e-06
145.800      5.82757e+02       5.73794e+01      -8.04393e+00       1.92722e-12       3.94450e-06
145.900      5.83300e+02       5.74717e+01      -8.03463e+00       1.91596e-12       3.92625e-06
146.000      5.83841e+02       5.75653e+01      -8.02524e+00       1.90478e-12       3.90811e-06
146.100      5.84380e+02       5.76600e+01      -8.01575e+00       1.89369e-12       3.89008e-06
146.200      5.84918e+02       5.77559e+01      -8.00612e+00       1.88268e-12       3.87215e-06
146.300      5.85455e+02       5.78529e+01      -7.99633e+00       1.87174e-12       3.85433e-06
146.400      5.85990e+02       5.79510e+01      -7.98637e+00       1.86090e-12       3.83661e-06
146.500      5.86524e+02       5.80501e+01      -7.97620e+00       1.85013e-12       3.81900e-06
146.600      5.87056e+02       5.81502e+01      -7.96580e+00       1.83944e-12       3.80149e-06
146.700      5.87586e+02       5.82512e+01      -7.95515e+00       1.82883e-12       3.78408e-06
146.800      5.88115e+02       5.83531e+01      -7.94422e+00       1.81829e-12       3.76677e-06
146.900      5.88643e+02       5.84558e+01      -7.93299e+00       1.80784e-12       3.74957e-06
147.000      5.89169e+02       5.85594e+01      -7.92144e+00       1.79746e-12       3.73246e-06
147.100      5.89694e+02       5.86637e+01      -7.90953e+00       1.78716e-12       3.71545e-06
147.200      5.90217e+02       5.87688e+01      -7.89726e+00       1.77693e-12       3.69855e-06
147.300      5.90739e+02       5.88745e+01      -7.88459e+00       1.76677e-12       3.68174e-06
147.400      5.91259e+02       5.89809e+01      -7.87150e+00       1.75670e-12       3.66503e-06
147.500      5.91778e+02       5.90878e+01      -7.85797e+00       1.74669e-12       3.64841e-06
147.600      5.92296e+02       5.91953e+01      -7.84397e+00       1.73676e-12       3.63189e-06
147.700      5.92812e+02       5.93033e+01      -7.82947e+00       1.72689e-12       3.61546e-06
147.800      5.93326e+02       5.94118e+01      -7.81446e+00       1.71710e-12       3.59913e-06
147.900      5.93839e+02       5.95207e+01      -7.79892e+00       1.70739e-12       3.58290e-06
148.000      5.94351e+02       5.96300e+01      -7.78280e+00       1.69773e-12       3.56675e-06
148.100      5.94861e+02       5.97396e+01      -7.76610e+00       1.68815e-12       3.55070e-06
148.200      5.95370e+02       5.98495e+01      -7.74879e+00       1.67864e-12       3.53474e-06
148.300      5.95877e+02       5.99596e+01      -7.73084e+00       1.66920e-12       3.51887e-06
148.400      5.96383e+02       6.00699e+01      -7.71224e+00       1.65982e-12       3.50309e-06
148.500      5.96888e+02       6.01804e+01      -7.69294e+00       1.65051e-12       3.48740e-06
148.600      5.97391e+02       6.02911e+01      -7.67294e+00       1.64127e-12       3.47180e-06
148.700      5.97893e+02       6.04017e+01      -7.65222e+00       1.63209e-12       3.45629e-06
148.800      5.98393e+02       6.05125e+01      -7.63073e+00       1.62298e-12       3.44087e-06
148.900      5.98892e+02       6.06231e+01      -7.60847e+00       1.61393e-12       3.42553e-06
149.000      5.99390e+02       6.07338e+01      -7.58540e+00       1.60495e-12       3.41028e-06
149.100      5.99886e+02       6.08443e+01      -7.56150e+00       1.59603e-12       3.39512e-06
149.200      6.00381e+02       6.09547e+01      -7.53675e+00       1.58717e-12       3.38004e-06
149.300      6.00874e+02       6.10650e+01      -7.51113e+00       1.57838e-12       3.36504e-06
149.400      6.01366e+02       6.11749e+01      -7.48461e+00       1.56964e-12       3.35013e-06
149.500      6.01857e+02       6.12846e+01      -7.45716e+00       1.56097e-12       3.33531e-06
149.600      6.02346e+02       6.13940e+01      -7.42877e+00       1.55236e-12       3.32056e-06
149.700      6.02834e+02       6.15030e+01      -7.39941e+00       1.54381e-12       3.30590e-06
149.800      6.03321e+02       6.16117e+01      -7.36904e+00       1.53532e-12       3.29132e-06
149.900      6.03806e+02       6.17198e+01      -7.33767e+00       1.52689e-12       3.27683e-06
150.000      6.04290e+02       6.18275e+01      -7.30524e+00       1.51851e-12       3.26241e-06
